SALE TYPE,SOLD DATE,PROPERTY TYPE,ADDRESS,CITY,STATE,ZIP,PRICE,BEDS,BATHS,LOCATION,SQUARE FEET,LOT SIZE,YEAR BUILT,DAYS ON MARKET,$/SQUARE FEET,HOA/MONTH,STATUS,NEXT OPEN HOUSE START TIME,NEXT OPEN HOUSE END TIME,URL (SEE http://www.redfin.com/buy-a-home/comparative-market-analysis FOR INFO ON PRICING),SOURCE,MLS#,FAVORITE,INTERESTED,LATITUDE,LONGITUDE
MLS Listing,,Multi-Family (2-4 Unit),6 Proctor St,Salem,MA,01970,449000,4,2.0,Salem,1816,4666,1914,3,247,,Active,,,http://www.redfin.com/MA/Salem/6-Proctor-St-01970/home/8366717,MLS PIN,72215218,N,Y,42.5187445,-70.9098536
MLS Listing,,Multi-Family (2-4 Unit),42 James St,Attleboro,MA,02703,339000,9,3.0,Attleboro,3210,2701,1900,1,106,,Active,,,http://www.redfin.com/MA/Attleboro/42-James-St-02703/home/15972616,MLS PIN,72216491,N,Y,41.93811,-71.2793301
MLS Listing,,Multi-Family (2-4 Unit),15 Hathorn St,Somerville,MA,02145,899000,4,3.0,Somerville,2886,3010,1898,1,312,,Active,,,http://www.redfin.com/MA/Somerville/15-Hathorn-St-02145/home/8747679,MLS PIN,72216417,N,Y,42.3865563,-71.0822973
MLS Listing,,Multi-Family (2-4 Unit),21-21A Princess St,Wakefield,MA,01880,799900,4,3.5,Wakefield,3818,3536,1880,1,210,,Active,,,http://www.redfin.com/MA/Wakefield/21-Princess-St-01880/unit-21A/home/12428311,MLS PIN,72216414,N,Y,42.5038548,-71.0698318
MLS Listing,,Multi-Family (2-4 Unit),491 No. Main St,Randolph,MA,02368,529900,4,4.0,Randolph,2704,16319,1900,1,196,,Active,,,http://www.redfin.com/MA/Randolph/491-N-Main-St-02368/home/11731476,MLS PIN,72216409,Y,Y,42.1736591,-71.0475415
MLS Listing,,Multi-Family (2-4 Unit),40-42 elm,Easton,MA,02356,455000,3,1.5,Easton,1342,,1880,1,339,,Active,,,http://www.redfin.com/MA/Easton/42-Elm-St-02356/unit-40-42/home/140258040,MLS PIN,72216404,N,Y,42.0721257,-71.1025697
MLS Listing,,Multi-Family (2-4 Unit),38 Elm St,Easton,MA,02356,315000,4,3.0,Easton,2684,16308,1890,1,117,,Active,,,http://www.redfin.com/MA/Easton/38-Elm-St-02356/home/15995571,MLS PIN,72216399,N,Y,42.072325,-71.102941
MLS Listing,,Multi-Family (2-4 Unit),53-55 French Ave,Brockton,MA,02302,339000,3,,Brockton,3909,7318,1902,1,87,,Active,,,http://www.redfin.com/MA/Brockton/55-French-Ave-02301/home/143378987,MLS PIN,72216397,N,Y,42.0662052,-71.021134
MLS Listing,,Multi-Family (2-4 Unit),57 Walnut Park,Boston,MA,02119,878000,8,4.0,Roxbury,4770,10655,1890,1,184,,Active,,,http://www.redfin.com/MA/Boston/57-Walnut-Park-02119/home/9295843,MLS PIN,72216371,N,Y,42.3148783,-71.0957956
MLS Listing,,Multi-Family (2-4 Unit),7 Elbow St,Attleboro,MA,02703,249000,5,3.0,Attleboro,1795,6186,1910,1,139,,Active,,,http://www.redfin.com/MA/Attleboro/7-Elbow-St-02703/home/15973299,MLS PIN,72216348,Y,Y,41.9388341,-71.2825988
MLS Listing,,Multi-Family (2-4 Unit),10 Adams Ter,Boston,MA,02122,439000,2,2.0,Dorchester's Fields Corner,1392,1214,1905,1,315,,Active,,,http://www.redfin.com/MA/Boston/10-Adams-Ter-02122/home/9077927,MLS PIN,72216335,N,Y,42.29535,-71.0568291
MLS Listing,,Multi-Family (5+ Unit),373 - 375 Salem St,Malden,MA,02148,1780000,19,6.0,Maplewood,8510,4513,1900,1,209,,Active,,,http://www.redfin.com/MA/Malden/375-Salem-St-02148/home/11411439,MLS PIN,72216257,N,Y,42.4309479,-71.054828
MLS Listing,,Multi-Family (2-4 Unit),101 STEEPLE St,Revere,MA,02151,639000,6,3.0,Revere,2929,4500,1960,1,218,,Active,,,http://www.redfin.com/MA/Revere/101-Steeple-St-02151/home/9054627,MLS PIN,72216194,N,Y,42.4227687,-71.0126357
MLS Listing,,Multi-Family (2-4 Unit),81-83 orange St,Waltham,MA,02453,799900,8,3.0,Waltham,3384,11979,1890,2,236,,Active,August-21-2017 05:00 PM,August-21-2017 06:00 PM,http://www.redfin.com/MA/Waltham/83-Orange-St-02453/home/11681959,MLS PIN,72216138,N,Y,42.3634329,-71.2399473
MLS Listing,,Multi-Family (2-4 Unit),722 Highland Ave,Malden,MA,02148,599000,4,3.0,Malden,2013,7320,1880,2,298,,Active,August-22-2017 05:00 PM,August-22-2017 07:00 PM,http://www.redfin.com/MA/Malden/722-Highland-Ave-02148/home/11398266,MLS PIN,72216135,N,Y,42.435722,-71.085992
MLS Listing,,Multi-Family (2-4 Unit),292 Elm St,North Attleboro,MA,02760,275000,6,4.0,North Attleboro,2608,2608,1930,2,105,,Active,,,http://www.redfin.com/MA/North-Attleborough/292-Elm-St-02760/home/16057246,MLS PIN,72216128,N,Y,41.9759154,-71.3232628
MLS Listing,,Multi-Family (2-4 Unit),21 Pine Ave,Brockton,MA,02302,379900,5,3.0,Brockton,1623,6534,1900,2,234,,Active,,,http://www.redfin.com/MA/Brockton/21-Pine-Ave-02302/home/16320063,MLS PIN,72215974,N,Y,42.0685028,-71.0131116
MLS Listing,,Multi-Family (2-4 Unit),147 Springvale Ave,Everett,MA,02149,679900,5,2.0,Everett,2297,3184,1930,2,296,,Active,,,http://www.redfin.com/MA/Everett/147-Springvale-Ave-02149/home/8529278,MLS PIN,72215906,N,Y,42.411089,-71.034851
MLS Listing,,Multi-Family (2-4 Unit),26 Riverview Ave,Brockton,MA,02302,375000,8,3.0,Brockton,7187,7187,1900,2,52,,Active,,,http://www.redfin.com/MA/Brockton/26-Riverview-St-02302/home/16316888,MLS PIN,72215900,N,Y,42.0646718,-71.0090381
MLS Listing,,Multi-Family (2-4 Unit),17 Falmouth,Attleboro,MA,02703,249900,7,3.0,Attleboro,2145,3300,1910,2,117,,Active,,,http://www.redfin.com/MA/Attleboro/17-Falmouth-St-02703/home/15974756,MLS PIN,72215821,Y,Y,41.9455718,-71.2797529
MLS Listing,,Multi-Family (2-4 Unit),155 Spruce St,Watertown,MA,02472,799900,4,3.0,Watertown,2693,5000,1925,2,297,,Active,,,http://www.redfin.com/MA/Watertown/155-Spruce-St-02472/home/11697796,MLS PIN,72215661,N,Y,42.3659771,-71.1675621
MLS Listing,,Multi-Family (2-4 Unit),118 Elm St,Everett,MA,02149,599000,5,2.0,Everett,2154,3350,1900,3,278,,Active,August-21-2017 05:00 PM,August-21-2017 07:00 PM,http://www.redfin.com/MA/Everett/118-Elm-St-02149/home/8530760,MLS PIN,72215618,N,Y,42.4134733,-71.042117
MLS Listing,,Multi-Family (2-4 Unit),16 Surrey St,Cambridge,MA,02138,1895000,5,4.0,Riverside,2663,2579,1894,3,712,,Active,August-21-2017 11:30 AM,August-21-2017 01:00 PM,http://www.redfin.com/MA/Cambridge/16-Surrey-St-02138/home/11569578,MLS PIN,72215593,N,Y,42.368581,-71.114105
MLS Listing,,Multi-Family (2-4 Unit),65 Hollis St,Weymouth,MA,02190,429900,3,2.0,Weymouth,1568,25700,1885,3,274,,Active,,,http://www.redfin.com/MA/Weymouth/65-Hollis-St-02190/home/11527205,MLS PIN,72215584,N,Y,42.168975,-70.9621091
MLS Listing,,Multi-Family (5+ Unit),776-782 Broad St,Weymouth,MA,02189,1149000,10,5.0,Weymouth,5947,6229,1900,3,193,,Active,,,http://www.redfin.com/MA/Weymouth/776-Broad-St-02189/home/143323277,MLS PIN,72215521,N,Y,42.216365,-70.926765
MLS Listing,,Multi-Family (2-4 Unit),111 Falcon St,Boston,MA,02128,1200000,8,3.0,East Boston,2828,7086,1880,3,424,,Active,,,http://www.redfin.com/MA/Boston/111-Falcon-St-02128/home/9113553,MLS PIN,72215519,N,Y,42.3818197,-71.0347815
MLS Listing,,Multi-Family (2-4 Unit),43 Chester St,Taunton,MA,02780,299900,6,2.0,Taunton,2524,23087,1890,3,119,,Active,,,http://www.redfin.com/MA/Taunton/43-Chester-St-02780/home/16095721,MLS PIN,72215499,N,Y,41.9155213,-71.1030388
MLS Listing,,Multi-Family (2-4 Unit),79-81 Gardiner St,Lynn,MA,01905,659000,6,3.0,Lynn,3582,8946,1910,3,184,,Active,,,http://www.redfin.com/MA/Lynn/81-Gardiner-St-01905/home/11552755,MLS PIN,72215462,N,Y,42.4665771,-70.9772257
MLS Listing,,Multi-Family (2-4 Unit),50-52 Addison Ave,Lynn,MA,01902,519000,4,2.0,Lynn,2442,4050,1910,3,213,,Active,,,http://www.redfin.com/MA/Lynn/52-Addison-Ave-01902/home/113252193,MLS PIN,72215359,N,Y,42.481967,-70.9350445
MLS Listing,,Multi-Family (2-4 Unit),131-133 Empire St,Lynn,MA,01902,439900,6,3.0,Lynn,2594,4583,1900,3,170,,Active,,,http://www.redfin.com/MA/Lynn/131-Empire-St-01902/home/11561623,MLS PIN,72215333,N,Y,42.4757729,-70.931678
MLS Listing,,Multi-Family (2-4 Unit),45-47 Bowdoin St,Medford,MA,02155,989000,5,2.0,Medford,2444,3520,1920,3,405,,Active,,,http://www.redfin.com/MA/Medford/47-Bowdoin-St-02155/home/143320291,MLS PIN,72215330,N,Y,42.4063933,-71.110732
MLS Listing,,Multi-Family (2-4 Unit),15-17 Melville Rd,Somerville,MA,02145,839900,5,2.0,Somerville,2283,4050,1920,3,368,,Active,August-22-2017 06:00 PM,August-22-2017 06:30 PM,http://www.redfin.com/MA/Somerville/17-Melville-Rd-02145/home/143320188,MLS PIN,72215315,N,Y,42.3984817,-71.0860796
MLS Listing,,Multi-Family (2-4 Unit),870 E 5Th St,Boston,MA,02127,1950000,10,3.0,South Boston,4536,999,1899,3,430,,Active,August-21-2017 11:00 AM,August-21-2017 12:30 PM,http://www.redfin.com/MA/Boston/870-E-5th-St-02127/home/9191407,MLS PIN,72215299,N,Y,42.3342924,-71.0255995
MLS Listing,,Multi-Family (2-4 Unit),50 Farwell St,Newton,MA,02460,1075000,4,4.5,Newtonville,3599,10245,1870,3,299,,Active,,,http://www.redfin.com/MA/Newton/50-Farwell-St-02460/home/11415896,MLS PIN,72215290,N,Y,42.3654902,-71.2161092
MLS Listing,,Multi-Family (5+ Unit),16-20 Albany St,Lynn,MA,01902,2400000,27,12.0,Lynn,20000,13140,1907,3,120,,Active,,,http://www.redfin.com/MA/Lynn/20-Albany-St-01902/home/11577886,MLS PIN,72215270,N,Y,42.4671879,-70.9581171
MLS Listing,,Multi-Family (2-4 Unit),24-26 Lincoln Pkwy,Somerville,MA,02143,1275000,9,3.0,Union Square,3759,3632,1900,3,339,,Active,,,http://www.redfin.com/MA/Somerville/26-Lincoln-Pkwy-02143/home/8730266,MLS PIN,72215259,N,Y,42.3777054,-71.0989009
MLS Listing,,Multi-Family (2-4 Unit),9-11 Gledhill Ave,Everett,MA,02149,619900,6,3.0,Everett,2483,2609,1898,3,250,,Active,,,http://www.redfin.com/MA/Everett/11-Gledhill-Ave-02149/home/8531174,MLS PIN,72215209,N,Y,42.416584,-71.046319
MLS Listing,,Multi-Family (2-4 Unit),34-36 Appleton Pl,Arlington,MA,02476,799000,6,4.0,Arlington,3375,6974,1972,3,237,,Active,,,http://www.redfin.com/MA/Arlington/34-36-Appleton-Pl-02476/home/23457648,MLS PIN,72215189,N,Y,42.421889,-71.174753
MLS Listing,,Multi-Family (2-4 Unit),202 Maplewood St,Watertown,MA,02472,800000,6,2.0,Watertown,2869,5100,1920,3,279,,Active,,,http://www.redfin.com/MA/Watertown/202-Maplewood-St-02472/home/11700810,MLS PIN,72215180,N,Y,42.3739806,-71.1667192
MLS Listing,,Multi-Family (2-4 Unit),24 Wigglesworth St,Somerville,MA,02145,1300000,5,3.0,Somerville,2294,1956,1900,3,567,,Active,,,http://www.redfin.com/MA/Somerville/24-Wigglesworth-St-02145/home/8731729,MLS PIN,72215079,N,Y,42.3879475,-71.0916484
MLS Listing,,Multi-Family (2-4 Unit),64 Thacher St,Malden,MA,02148,599900,5,3.0,Malden,2119,4211,1865,3,283,,Active,,,http://www.redfin.com/MA/Malden/64-Thacher-St-02148/home/11387800,MLS PIN,72215024,N,Y,42.420248,-71.0805216
MLS Listing,,Multi-Family (2-4 Unit),132 W Water St,Rockland,MA,02370,445000,5,2.0,Rockland,2173,21780,1860,3,205,,Active,,,http://www.redfin.com/MA/Rockland/132-W-Water-St-02370/home/14810698,MLS PIN,72214973,N,Y,42.1247531,-70.9183827
MLS Listing,,Multi-Family (2-4 Unit),60-62 Harvard St,Everett,MA,02149,575000,6,3.0,Everett,2200,5149,1907,4,261,,Active,,,http://www.redfin.com/MA/Everett/62-Harvard-St-02149/home/140104586,MLS PIN,72214931,N,Y,42.4085696,-71.0405947
MLS Listing,,Multi-Family (2-4 Unit),410 Loring Ave,Salem,MA,01970,570000,6,2.0,Salem,2590,6100,1929,4,220,,Active,,,http://www.redfin.com/MA/Salem/410-Loring-Ave-01970/home/8387166,MLS PIN,72214924,N,Y,42.4911686,-70.8954899
MLS Listing,,Multi-Family (2-4 Unit),5 Groom St,Boston,MA,02125,799000,9,3.0,Boston,3240,3040,1911,4,247,,Active,,,http://www.redfin.com/MA/Boston/5-Groom-St-02125/home/9064630,MLS PIN,72214910,N,Y,42.3203089,-71.0661702
MLS Listing,,Multi-Family (2-4 Unit),12 Seaview Ave,Malden,MA,02148,649900,6,2.5,Malden,3222,10000,1880,4,202,,Active,,,http://www.redfin.com/MA/Malden/12-Seaview-Ave-02148/home/11415392,MLS PIN,72214866,N,Y,42.4322187,-71.0540301
MLS Listing,,Multi-Family (2-4 Unit),72 Richmond St,Brockton,MA,02301,390000,2,1.0,Montello,4095,7754,1925,4,95,,Active,,,http://www.redfin.com/MA/Brockton/72-Richmond-St-02301/home/16326778,MLS PIN,72214840,N,Y,42.096273,-71.025004
MLS Listing,,Multi-Family (2-4 Unit),33 Central St,Somerville,MA,02143,1678000,6,3.5,Somerville,3090,4356,1900,4,543,,Active,,,http://www.redfin.com/MA/Somerville/33-Central-St-02143/home/8718951,MLS PIN,72214837,N,Y,42.3854653,-71.105214
MLS Listing,,Multi-Family (2-4 Unit),19-21 Washburn,Weymouth,MA,02188,499000,6,2.5,Jackson Square,2854,9147,1868,4,175,,Active,,,http://www.redfin.com/MA/Weymouth/21-Washburn-St-02189/home/11519353,MLS PIN,72214765,N,Y,42.2142788,-70.9265903
MLS Listing,,Multi-Family (2-4 Unit),71 Grove St,Chelsea,MA,02150,499900,7,2.0,Chelsea,2582,3200,1900,4,194,,Active,,,http://www.redfin.com/MA/Chelsea/71-Grove-St-02150/home/9008579,MLS PIN,72214752,N,Y,42.3922023,-71.0303206
MLS Listing,,Multi-Family (2-4 Unit),53 Telegraph St,Boston,MA,02127,849000,6,2.0,South Boston,2464,2137,1880,4,345,,Active,,,http://www.redfin.com/MA/Boston/53-Telegraph-St-02127/home/9195884,MLS PIN,72214724,N,Y,42.3327675,-71.0486888
MLS Listing,,Multi-Family (2-4 Unit),4 Friend Ter,Lynn,MA,01902,399900,7,2.0,Lynn,2818,3450,1900,4,142,,Active,,,http://www.redfin.com/MA/Lynn/4-Friend-Ter-01902/home/11571420,MLS PIN,72214709,N,Y,42.4644617,-70.9396628
MLS Listing,,Multi-Family (2-4 Unit),31 Glendale Rd,Sharon,MA,02067,799900,7,3.0,Sharon,4259,21920,1900,4,188,,Active,,,http://www.redfin.com/MA/Sharon/31-Glendale-Rd-02067/home/11830395,MLS PIN,72214701,N,Y,42.1255542,-71.1743424
MLS Listing,,Multi-Family (5+ Unit),111-115 East St,North Attleboro,MA,02760,1049000,9,8.0,North Attleboro,5297,14394,1910,4,198,,Active,,,http://www.redfin.com/MA/North-Attleborough/115-East-St-02760/home/108300850,MLS PIN,72214658,N,Y,41.983946,-71.3305575
MLS Listing,,Multi-Family (2-4 Unit),29 Oxford St,Somerville,MA,02143,1600000,8,3.0,Somerville,3946,4560,1900,4,405,,Active,,,http://www.redfin.com/MA/Somerville/29-Oxford-St-02143/home/8717338,MLS PIN,72214483,N,Y,42.386791,-71.1003826
MLS Listing,,Multi-Family (2-4 Unit),188 Pearl Ave,Revere,MA,02151,270000,6,3.0,Revere,1687,10060,1959,4,160,,Active,,,http://www.redfin.com/MA/Revere/188-Pearl-Ave-02151/home/9004286,MLS PIN,72214459,N,Y,42.3938868,-70.9883958
MLS Listing,,Multi-Family (2-4 Unit),86 Cherry St,Swampscott,MA,01907,419000,4,2.0,Swampscott,2381,10149,1907,4,176,,Active,,,http://www.redfin.com/MA/Swampscott/86-Cherry-St-01907/home/11351859,MLS PIN,72214442,N,Y,42.4759026,-70.9235865
MLS Listing,,Multi-Family (2-4 Unit),24 Richmond St,Brockton,MA,02301,449900,9,3.0,Brockton,3942,6403,1908,4,114,,Active,,,http://www.redfin.com/MA/Brockton/24-Richmond-St-02301/home/16322495,MLS PIN,72214335,N,Y,42.0965909,-71.0229426
MLS Listing,,Multi-Family (2-4 Unit),14 Page St,Danvers,MA,01923,450000,4,2.0,Danvers,2327,3528,1905,4,193,,Active,,,http://www.redfin.com/MA/Danvers/14-Page-St-01923/home/11293304,MLS PIN,72214321,N,Y,42.5656729,-70.937509
MLS Listing,,Multi-Family (2-4 Unit),68 Converse Ave,Malden,MA,02148,675000,5,2.0,Bell Rock,2788,8592,1900,4,242,,Active,,,http://www.redfin.com/MA/Malden/68-Converse-Ave-02148/home/11392215,MLS PIN,72214293,N,Y,42.4166879,-71.0686409
MLS Listing,,Multi-Family (2-4 Unit),30 Clifton St,Cambridge,MA,02140,1190000,4,2.0,North Cambridge,2361,6000,1844,4,504,,Active,,,http://www.redfin.com/MA/Cambridge/30-Clifton-St-02140/home/11594287,MLS PIN,72214278,N,Y,42.3944965,-71.1364619
MLS Listing,,Multi-Family (2-4 Unit),230 Brookline St,Cambridge,MA,02139,1499900,6,3.5,Cambridgeport,3435,2615,1905,5,437,,Active,August-21-2017 06:00 PM,August-21-2017 08:00 PM,http://www.redfin.com/MA/Cambridge/230-Brookline-St-02139/home/11559655,MLS PIN,72214256,N,Y,42.3583137,-71.1068041
MLS Listing,,Multi-Family (2-4 Unit),326 Central,Foxboro,MA,02035,465000,4,2.0,East Foxboro,2240,60473,1900,5,208,,Active,,,http://www.redfin.com/MA/Foxborough/326-Central-St-02035/home/11715741,MLS PIN,72214237,N,Y,42.0423903,-71.2335836
MLS Listing,,Multi-Family (2-4 Unit),44 West St,Brockton,MA,02301,399900,5,3.0,Brockton,2134,9801,1916,5,187,,Active,,,http://www.redfin.com/MA/Brockton/44-West-St-02301/home/16329437,MLS PIN,72214199,N,Y,42.0872908,-71.0458258
MLS Listing,,Multi-Family (2-4 Unit),193 Broad St,North Attleboro,MA,02760,475000,5,3.0,North Attleboro,2382,5039,1900,5,199,,Active,,,http://www.redfin.com/MA/North-Attleborough/193-Broad-St-02760/home/16059095,MLS PIN,72214183,N,Y,41.9909615,-71.3321248
MLS Listing,,Multi-Family (2-4 Unit),101 Evans St,Boston,MA,02124,499900,6,3.0,Dorchester,3221,3049,1910,5,155,,Active,,,http://www.redfin.com/MA/Boston/101-Evans-St-02124/home/9084758,MLS PIN,72214167,Y,Y,42.2821109,-71.0821843
MLS Listing,,Multi-Family (2-4 Unit),17 Cottage St,Saugus,MA,01906,525000,6,3.0,Saugus,2762,5001,1910,5,190,,Active,,,http://www.redfin.com/MA/Saugus/17-Cottage-St-01906/home/8365509,MLS PIN,72214094,N,Y,42.4448576,-71.0115466
MLS Listing,,Multi-Family (2-4 Unit),92-94 Harvard St,Medford,MA,02155,979000,5,2.0,Medford,2206,4050,1920,5,444,,Active,,,http://www.redfin.com/MA/Medford/94-Harvard-St-02155/home/143296759,MLS PIN,72214084,N,Y,42.405501,-71.1059004
MLS Listing,,Multi-Family (2-4 Unit),80 Vernal St,Everett,MA,02149,739000,9,3.0,Everett,3507,3781,1906,5,211,,Active,,,http://www.redfin.com/MA/Everett/80-Vernal-St-02149/home/8499729,MLS PIN,72214062,N,Y,42.4155334,-71.0532449
MLS Listing,,Multi-Family (2-4 Unit),308 South Ave,Whitman,MA,02382,499900,6,3.0,Whitman,2969,13051,1860,5,168,,Active,,,http://www.redfin.com/MA/Whitman/308-South-Ave-02382/home/16456360,MLS PIN,72213990,N,Y,42.0823432,-70.9266145
MLS Listing,,Multi-Family (2-4 Unit),17 ATLANTIC St,Lynn,MA,01902,689900,7,6.0,Diamond District,5528,9555,1859,5,125,,Active,,,http://www.redfin.com/MA/Lynn/17-Atlantic-St-01902/home/11569698,MLS PIN,72213799,N,Y,42.4635856,-70.9342881
MLS Listing,,Multi-Family (2-4 Unit),26 Arnold Rd,Quincy,MA,02171,899900,6,4.0,Quincy,2393,4500,1926,5,376,,Active,,,http://www.redfin.com/MA/Quincy/26-Arnold-Rd-02171/home/9001739,MLS PIN,72213774,N,Y,42.278682,-71.0189958
MLS Listing,,Multi-Family (2-4 Unit),150 Lothrop St,Taunton,MA,02780,319900,4,3.0,Taunton,1764,21780,1855,5,181,,Active,,,http://www.redfin.com/MA/Taunton/150-Lothrop-St-02780/home/16095580,MLS PIN,72213747,N,Y,41.948444,-71.091183
MLS Listing,,Multi-Family (2-4 Unit),40 Pingree St,Salem,MA,01970,345000,6,2.0,Salem,2568,3995,1915,5,134,,Active,,,http://www.redfin.com/MA/Salem/40-Pingree-St-01970/home/11349242,MLS PIN,72213731,N,Y,42.5161173,-70.8878599
MLS Listing,,Multi-Family (2-4 Unit),74 Huntington St,Brockton,MA,02301,409000,6,2.0,Brockton,1814,,1893,5,225,,Active,,,http://www.redfin.com/MA/Brockton/74-Huntington-St-02301/home/16323080,MLS PIN,72213721,N,Y,42.0927959,-71.0229287
MLS Listing,,Multi-Family (2-4 Unit),14 Church,Taunton,MA,02780,199900,2,2.0,Taunton,1200,3830,1930,5,167,,Active,,,http://www.redfin.com/MA/Taunton/14-Church-St-02780/home/16101660,MLS PIN,72213708,N,Y,41.9075885,-71.0942183
MLS Listing,,Multi-Family (2-4 Unit),27 Whitney Ave,Beverly,MA,01915,489000,6,2.0,Beverly,2600,4829,1910,6,188,,Active,,,http://www.redfin.com/MA/Beverly/27-Whitney-Ave-01915/home/8212053,MLS PIN,72213680,N,Y,42.5577133,-70.8758213
MLS Listing,,Multi-Family (2-4 Unit),3 Mill St,Middleboro,MA,02346,399900,6,2.0,Middleboro,2439,60011,1852,6,164,,Active,,,http://www.redfin.com/MA/Middleborough/3-Mill-St-02346/home/16400304,MLS PIN,72213656,N,Y,41.9040677,-70.9722247
MLS Listing,,Multi-Family (2-4 Unit),17 Nazing St,Boston,MA,02121,519000,5,2.5,Dorchester,2592,,1935,6,200,,Active,,,http://www.redfin.com/MA/Boston/17-Nazing-St-02121/home/143291712,MLS PIN,72213593,N,Y,42.3065594,-71.0854374
MLS Listing,,Multi-Family (2-4 Unit),6 Danny Rd,Boston,MA,02136,959000,8,3.0,Hyde Park's Readville,4053,8000,1910,6,237,,Active,,,http://www.redfin.com/MA/Boston/6-Danny-Rd-02136/home/9134192,MLS PIN,72213500,N,Y,42.240584,-71.1362494
MLS Listing,,Multi-Family (2-4 Unit),504 Warren St,Boston,MA,02121,665000,5,3.5,Boston,6000,5605,1900,6,111,,Active,,,http://www.redfin.com/MA/Boston/504-Warren-St-02121/home/9223931,MLS PIN,72213473,N,Y,42.3143719,-71.0834231
MLS Listing,,Multi-Family (2-4 Unit),520 Saratoga St,Boston,MA,02128,739900,5,3.0,East Boston,1944,1082,1905,6,381,,Active,,,http://www.redfin.com/MA/Boston/520-Saratoga-St-02128/home/9114178,MLS PIN,72213435,N,Y,42.3806547,-71.0258973
MLS Listing,,Multi-Family (2-4 Unit),379-381 HUNNEWELL,Needham,MA,02494,1535000,6,4.0,Needham,5000,12632,1897,6,307,,Active,,,http://www.redfin.com/MA/Needham/381-Hunnewell-St-02494/home/112844290,MLS PIN,72213403,N,Y,42.2963466,-71.2371921
MLS Listing,,Multi-Family (2-4 Unit),74 Upham St,Malden,MA,02148,679000,6,3.0,Malden,3095,6375,1920,6,219,,Active,,,http://www.redfin.com/MA/Malden/74-Upham-St-02148/home/11409542,MLS PIN,72213379,N,Y,42.4243222,-71.0576427
MLS Listing,,Multi-Family (2-4 Unit),121 Clarence Street 123,Everett,MA,02149,699900,5,2.0,Everett,2549,4051,1927,6,275,,Active,,,http://www.redfin.com/MA/Everett/121-Clarence-St-02149/home/143288921,MLS PIN,72213331,N,Y,42.4119704,-71.0447807
MLS Listing,,Multi-Family (2-4 Unit),154 Spruce St,Abington,MA,02351,479900,5,2.0,North Abington,2337,7500,1930,7,205,,Active,,,http://www.redfin.com/MA/Abington/154-Spruce-St-02351/home/143283854,MLS PIN,72213164,N,Y,42.1361741,-70.9353384
MLS Listing,,Multi-Family (2-4 Unit),7 Carmel St,Chelsea,MA,02150,649900,7,3.0,Chelsea,3276,2700,1900,7,198,,Active,,,http://www.redfin.com/MA/Chelsea/7-Carmel-St-02150/home/9015241,MLS PIN,72213162,N,Y,42.4003744,-71.034028
MLS Listing,,Multi-Family (2-4 Unit),97 Jefferson St,Lynn,MA,01902,349900,8,2.0,Lynn,2908,4162,1900,7,120,,Active,August-21-2017 05:30 PM,August-21-2017 07:00 PM,http://www.redfin.com/MA/Lynn/97-Jefferson-St-01902/home/11576644,MLS PIN,72213121,N,Y,42.4714024,-70.9453817
MLS Listing,,Multi-Family (2-4 Unit),80 Boston Ave,Somerville,MA,02144,925000,4,2.0,Somerville,2220,2938,1920,8,417,,Active,,,http://www.redfin.com/MA/Somerville/80-Boston-Ave-02144/home/8698297,MLS PIN,72212916,N,Y,42.3970008,-71.109975
MLS Listing,,Multi-Family (2-4 Unit),17-19 Wheeler St,Somerville,MA,02145,1595000,11,3.0,Somerville,4300,3978,1900,8,371,,Active,,,http://www.redfin.com/MA/Somerville/19-Wheeler-St-02145/home/143235425,MLS PIN,72212809,N,Y,42.3845058,-71.0811131
MLS Listing,,Multi-Family (2-4 Unit),105 Tremont St,Taunton,MA,02780,183750,3,2.0,Taunton,1041,3920,1920,9,177,,Active,,,http://www.redfin.com/MA/Taunton/105-Tremont-St-02780/home/16099981,MLS PIN,72212756,N,Y,41.9072402,-71.1107796
MLS Listing,,Multi-Family (2-4 Unit),3 Grimes St,Boston,MA,02127,1041000,4,3.0,South Boston,2138,992,1890,9,487,,Active,,,http://www.redfin.com/MA/Boston/3-Grimes-St-02127/home/9195640,MLS PIN,72212746,N,Y,42.3342317,-71.0512839
MLS Listing,,Multi-Family (2-4 Unit),25 Mcbride St,Boston,MA,02130,1499000,5,3.0,Boston,2512,4000,1899,9,597,,Active,,,http://www.redfin.com/MA/Boston/25-McBride-St-02130/home/9150002,MLS PIN,72212667,N,Y,42.3058131,-71.1140122
MLS Listing,,Multi-Family (2-4 Unit),77 Willow St,Waltham,MA,02453,699900,6,2.5,Waltham,4306,7350,1900,9,163,,Active,,,http://www.redfin.com/MA/Waltham/77-Willow-St-02453/home/11814414,MLS PIN,72212655,N,Y,42.374211,-71.218605
MLS Listing,,Multi-Family (2-4 Unit),52 Humphreys St,Boston,MA,02125,599000,5,3.0,Dorchester,3827,4137,1900,9,157,,Active,,,http://www.redfin.com/MA/Boston/52-Humphreys-St-02125/home/11833872,MLS PIN,72212614,N,Y,42.3187743,-71.0672515
MLS Listing,,Multi-Family (2-4 Unit),663 BELMONT St,Belmont,MA,02478,985000,5,3.0,Belmont,2669,5543,1924,9,369,,Active,,,http://www.redfin.com/MA/Belmont/663-Belmont-St-02478/home/8429454,MLS PIN,72212529,N,Y,42.3803894,-71.1795668
MLS Listing,,Multi-Family (2-4 Unit),58 Harborview,Winthrop,MA,02152,750000,7,3.0,Winthrop,4005,3855,1900,9,187,,Active,,,http://www.redfin.com/MA/Winthrop/58-Harbor-View-Ave-02152/home/11511928,MLS PIN,72212499,N,Y,42.3676535,-70.9690651
MLS Listing,,Multi-Family (2-4 Unit),27 Everett Ave,Somerville,MA,02145,1450000,8,5.0,East Somerville,4500,5000,1890,9,322,,Active,,,http://www.redfin.com/MA/Somerville/27-Everett-Ave-02145/home/8736022,MLS PIN,72212498,N,Y,42.3871067,-71.0888161
MLS Listing,,Multi-Family (2-4 Unit),50 Trull St,Somerville,MA,02145,899000,4,2.0,Magoun Square,2338,3750,1910,9,385,,Active,,,http://www.redfin.com/MA/Somerville/50-Trull-St-02145/home/8709434,MLS PIN,72212443,N,Y,42.3947289,-71.1040535
MLS Listing,,Multi-Family (2-4 Unit),544 Revere St,Revere,MA,02151,434900,5,2.5,Revere Beach,2104,3162,1930,9,207,,Active,,,http://www.redfin.com/MA/Revere/544-Revere-St-02151/home/143213935,MLS PIN,72212424,N,Y,42.4188191,-70.989894
MLS Listing,,Multi-Family (2-4 Unit),92-94 Creeley Rd,Belmont,MA,02478,1220000,5,3.0,Belmont,3089,7154,1922,9,395,,Active,,,http://www.redfin.com/MA/Belmont/94-Creeley-Rd-02478/home/8432816,MLS PIN,72212397,N,Y,42.3852425,-71.1791558
MLS Listing,,Multi-Family (2-4 Unit),21 Cross St,Reading,MA,01867,789900,6,3.0,Reading,3056,100624,1900,9,258,,Active,,,http://www.redfin.com/MA/Reading/21-Cross-St-01867/home/8673851,MLS PIN,72212278,N,Y,42.512018,-71.10213
MLS Listing,,Multi-Family (2-4 Unit),22 Normandy,Boston,MA,02121,875000,11,3.0,Dorchester's Grove Hall,4272,3528,1905,10,205,,Active,,,http://www.redfin.com/MA/Boston/22-Normandy-St-02121/home/9065012,MLS PIN,72212267,N,Y,42.311299,-71.077984
MLS Listing,,Multi-Family (2-4 Unit),170 High St,Taunton,MA,02780,319000,4,4.0,Taunton,2700,33977,1900,10,118,,Active,,,http://www.redfin.com/MA/Taunton/170-High-St-02780/home/132783220,MLS PIN,72212162,N,Y,41.897819,-71.0902629
MLS Listing,,Multi-Family (2-4 Unit),22 Anita Ter,Boston,MA,02119,1495500,6,3.0,Mission Hill,3147,1837,1900,10,475,,Active,,,http://www.redfin.com/MA/Boston/22-Anita-Ter-02119/home/9290114,MLS PIN,72212062,N,Y,42.3297761,-71.0945926
MLS Listing,,Multi-Family (2-4 Unit),89 Wachusett St,Jamaica Plain,MA,02130,800000,9,4.0,Jamaica Plain,3515,,1900,10,228,,Active,,,http://www.redfin.com/MA/Boston/89-Wachusett-St-02130/home/9151761,LINK Boston,189333,N,Y,42.2951975,-71.1148808
MLS Listing,,Multi-Family (2-4 Unit),74 Thorndike St,Cambridge,MA,02141,2450000,5,4.0,East Cambridge,3076,4500,1900,10,796,,Active,,,http://www.redfin.com/MA/Cambridge/74-Thorndike-St-02141/home/11552315,MLS PIN,72211852,N,Y,42.3696516,-71.0813004
MLS Listing,,Multi-Family (2-4 Unit),362 Shirley St,Winthrop,MA,02152,479900,5,2.0,Winthrop,1800,2210,1920,10,267,,Active,,,http://www.redfin.com/MA/Winthrop/362-Shirley-St-02152/home/11515640,MLS PIN,72211712,N,Y,42.3754674,-70.9731207
MLS Listing,,Multi-Family (5+ Unit),54 Longmeadow Rd,Taunton,MA,02780,650000,10,9.0,Taunton,5389,96671,1880,10,121,,Active,,,http://www.redfin.com/MA/Taunton/54-Longmeadow-Rd-02780/home/108430202,MLS PIN,72211667,N,Y,41.905592,-71.077834
MLS Listing,,Multi-Family (2-4 Unit),26 School St,Malden,MA,02148,489900,2,2.0,Edgeworth,1929,5195,1890,10,254,,Active,,,http://www.redfin.com/MA/Malden/26-School-St-02148/home/11387752,MLS PIN,72211656,N,Y,42.4199288,-71.0811505
MLS Listing,,Multi-Family (2-4 Unit),575 Pearl St,Brockton,MA,02301,489900,5,2.0,Brockton,3000,7187,1872,10,163,,Active,,,http://www.redfin.com/MA/Brockton/575-Pearl-St-02301/home/16336356,MLS PIN,72211621,N,Y,42.069422,-71.065105
MLS Listing,,Multi-Family (2-4 Unit),85-87 Town Hill St,Quincy,MA,02169,395000,6,2.0,Quincy,1078,5876,1930,11,366,,Active,,,http://www.redfin.com/MA/Quincy/87-Town-Hill-St-02169/home/143185304,MLS PIN,72211541,N,Y,42.2422575,-71.0193694
MLS Listing,,Multi-Family (2-4 Unit),13 Auburn,Brockton,MA,02302,419900,5,3.0,Brockton,2850,8538,1885,11,147,,Active,,,http://www.redfin.com/MA/Brockton/13-Auburn-St-02302/home/16317157,MLS PIN,72211465,N,Y,42.063099,-71.0086201
MLS Listing,,Multi-Family (2-4 Unit),10-12 Canal St,Winchester,MA,01890,1240000,6,4.0,Winchester,3071,11325,1907,11,404,,Active,,,http://www.redfin.com/MA/Winchester/12-Canal-St-01890/home/11454037,MLS PIN,72211461,N,Y,42.4617438,-71.1429936
MLS Listing,,Multi-Family (2-4 Unit),92 Otis St,Medford,MA,02155,860000,6,4.5,Medford,4091,7000,1900,11,210,,Active,,,http://www.redfin.com/MA/Medford/92-Otis-St-02155/home/11790218,MLS PIN,72211440,N,Y,42.420415,-71.096587
MLS Listing,,Multi-Family (2-4 Unit),18 State St,Taunton,MA,02780,354899,6,2.0,Taunton,2496,7841,1870,11,142,,Active,,,http://www.redfin.com/MA/Taunton/18-State-St-02780/home/16096534,MLS PIN,72211436,N,Y,41.9212757,-71.0989864
MLS Listing,,Multi-Family (2-4 Unit),719 N Montello St,Brockton,MA,02301,264900,4,2.0,Brockton,1567,4095,1925,11,169,,Active,,,http://www.redfin.com/MA/Brockton/719-N-Montello-St-02301/home/16321610,MLS PIN,72211382,N,Y,42.102301,-71.0196215
MLS Listing,,Multi-Family (2-4 Unit),27 Buttonwood St,Boston,MA,02125,1399000,6,3.0,Dorchester's Savin Hill,3873,1965,1905,11,361,,Active,,,http://www.redfin.com/MA/Boston/27-Buttonwood-St-02125/home/9064916,MLS PIN,72211305,N,Y,42.3199826,-71.055689
MLS Listing,,Multi-Family (2-4 Unit),12-18 Hollis St,Wellesley,MA,02482,3200000,8,9.5,Wellesley,8054,20000,1977,11,397,,Active,,,http://www.redfin.com/MA/Wellesley/18-Hollis-St-02482/home/18956373,MLS PIN,72211304,N,Y,42.2991908,-71.2958537
MLS Listing,,Multi-Family (2-4 Unit),130-132 Elm St,Everett,MA,02149,549000,5,3.0,Everett,2144,3054,1923,11,256,,Active,,,http://www.redfin.com/MA/Everett/132-Elm-St-02149/home/143181423,MLS PIN,72211250,N,Y,42.4133551,-71.0416956
MLS Listing,,Multi-Family (2-4 Unit),170-172 Essex St,Lynn,MA,01902,649900,9,3.0,Lynn,4395,4288,1900,11,148,,Active,,,http://www.redfin.com/MA/Lynn/170-172-Essex-St-01902/home/11564903,MLS PIN,72211220,N,Y,42.4721391,-70.9333768
MLS Listing,,Multi-Family (2-4 Unit),49 Wyman St,Lynn,MA,01905,399900,4,2.0,Lynn,2100,5000,1900,11,190,,Active,,,http://www.redfin.com/MA/Lynn/49-Wyman-St-01905/home/11551881,MLS PIN,72211167,N,Y,42.4661644,-70.9730401
MLS Listing,,Multi-Family (5+ Unit),29 Church St,North Attleboro,MA,02760,695000,9,7.0,North Attleboro,4578,16350,1900,11,152,,Active,,,http://www.redfin.com/MA/North-Attleborough/29-Church-St-02760/home/16059198,MLS PIN,72210967,N,Y,41.9834424,-71.3337006
MLS Listing,,Multi-Family (2-4 Unit),38 Burnett Rd,Revere,MA,02151,799974,6,4.0,Revere,4854,9163,1983,11,165,,Active,,,http://www.redfin.com/MA/Revere/38-Burnett-Rd-02151/home/9047245,MLS PIN,72210966,N,Y,42.4176561,-71.021399
MLS Listing,,Multi-Family (2-4 Unit),4 Jenison St,Newton,MA,02460,1595000,5,3.0,Newton,3792,6967,1915,11,421,,Active,,,http://www.redfin.com/MA/Newton/4-Jenison-St-02460/home/11421533,MLS PIN,72210963,N,Y,42.35654,-71.203952
MLS Listing,,Multi-Family (2-4 Unit),35 Alpine Pl,Franklin,MA,02038,329900,5,2.0,Franklin,1645,10943,1900,11,201,,Active,August-27-2017 12:00 PM,August-27-2017 01:30 PM,http://www.redfin.com/MA/Franklin/35-Alpine-Pl-02038/home/11460003,MLS PIN,72210854,Y,Y,42.0833472,-71.3940891
MLS Listing,,Multi-Family (2-4 Unit),2A Willow Ave,Salem,MA,01970,599000,8,3.0,Salem,3640,3375,1915,12,165,,Active,,,http://www.redfin.com/MA/Salem/2A-Willow-Ave-01970/home/140013747,MLS PIN,72210784,N,Y,42.5095982,-70.8906184
MLS Listing,,Multi-Family (2-4 Unit),21 Rowell St,Boston,MA,02125,900000,6,3.0,Dorchester's Uphams Corner,3123,3117,1905,12,288,,Active,,,http://www.redfin.com/MA/Boston/21-Rowell-St-02125/home/9077272,MLS PIN,72210761,N,Y,42.3137309,-71.0642464
MLS Listing,,Multi-Family (2-4 Unit),17-19 Gage St,Beverly,MA,01915,499900,6,3.0,Beverly,2802,6650,1900,12,178,,Active,,,http://www.redfin.com/MA/Beverly/19-Gage-St-01915/home/11284991,MLS PIN,72210682,N,Y,42.557085,-70.8839175
MLS Listing,,Multi-Family (2-4 Unit),6 Irene St,Burlington,MA,01803,925000,5,3.5,Burlington,4900,20000,1962,12,189,,Active,,,http://www.redfin.com/MA/Burlington/6-Irene-St-01803/home/11775051,MLS PIN,72210680,N,Y,42.533512,-71.210012
MLS Listing,,Multi-Family (2-4 Unit),16 - 18 Cudworth St,Medford,MA,02155,979900,6,2.0,Medford,4794,7270,1906,12,204,,Active,,,http://www.redfin.com/MA/Medford/18-Cudworth-St-02155/home/11792989,MLS PIN,72210585,N,Y,42.415986,-71.101455
MLS Listing,,Multi-Family (2-4 Unit),17 Laurel Ter,Somerville,MA,02143,895000,5,2.5,Somerville,2323,2924,1900,12,385,,Active,,,http://www.redfin.com/MA/Somerville/17-Laurel-Ter-02143/home/8718651,MLS PIN,72210446,N,Y,42.3838445,-71.1037991
MLS Listing,,Multi-Family (2-4 Unit),18 Winnemay St,Natick,MA,01760,699000,5,2.0,Natick,2470,6708,1900,12,283,,Active,,,http://www.redfin.com/MA/Natick/18-Winnemay-St-01760/home/11406790,MLS PIN,72210281,N,Y,42.2891374,-71.3494541
MLS Listing,,Multi-Family (5+ Unit),198-202 Harris St,Revere,MA,02151,849000,6,5.0,Revere,3245,7500,1940,13,262,,Active,,,http://www.redfin.com/MA/Revere/202-Harris-St-02151/home/66767415,MLS PIN,72210179,N,Y,42.410906,-71.003534
MLS Listing,,Multi-Family (2-4 Unit),54 Crescent Ave,Malden,MA,02148,529900,6,2.0,Oak Grove,2873,5000,1865,13,184,,Active,,,http://www.redfin.com/MA/Malden/54-Crescent-Ave-02148/home/11393172,MLS PIN,72210146,N,Y,42.4320286,-71.0671783
MLS Listing,,Multi-Family (2-4 Unit),12 Bay View Ave,Danvers,MA,01923,625000,4,2.0,Danvers,2100,4541,1897,13,298,,Active,,,http://www.redfin.com/MA/Danvers/12-Bayview-Ave-01923/home/11296135,MLS PIN,72210126,N,Y,42.5625549,-70.9313789
MLS Listing,,Multi-Family (2-4 Unit),45 Bullard St,Boston,MA,02121,999000,12,3.0,Dorchester's Mount Bowdoin,4601,3928,1910,13,217,,Active,,,http://www.redfin.com/MA/Boston/45-Bullard-St-02121/home/9075868,MLS PIN,72210086,N,Y,42.3019973,-71.0745808
MLS Listing,,Multi-Family (2-4 Unit),30 Marie Ave,Everett,MA,02149,615000,5,3.0,Everett,2495,3245,1900,13,246,,Active,,,http://www.redfin.com/MA/Everett/30-Marie-Ave-02149/home/8495529,MLS PIN,72210067,N,Y,42.4169531,-71.0483388
MLS Listing,,Multi-Family (2-4 Unit),88-90 Emory,Attleboro,MA,02703,219000,4,2.0,Attleboro,2030,4095,1910,13,108,,Active,,,http://www.redfin.com/MA/Attleboro/90-Emory-St-02703/home/143146300,MLS PIN,72209921,Y,Y,41.9433869,-71.2731011
MLS Listing,,Multi-Family (2-4 Unit),129 Bucknam St,Everett,MA,02149,799000,6,2.5,West Everett,2900,4343,1900,13,276,,Active,,,http://www.redfin.com/MA/Everett/129-Bucknam-St-02149/home/11379719,MLS PIN,72209765,N,Y,42.4125143,-71.0608311
MLS Listing,,Multi-Family (2-4 Unit),133-135 Market St,Brockton,MA,02301,429900,9,3.0,Brockton,3690,5227,1885,14,117,,Active,,,http://www.redfin.com/MA/Brockton/133-Market-St-02301/home/16323829,MLS PIN,72209608,N,Y,42.06189,-71.021378
MLS Listing,,Multi-Family (2-4 Unit),18 Hamilton St,Brockton,MA,02301,275000,6,2.0,Brockton,2461,5706,1889,14,112,,Active,,,http://www.redfin.com/MA/Brockton/18-Hamilton-St-02301/home/16318489,MLS PIN,72209578,N,Y,42.0794872,-71.0301246
MLS Listing,,Multi-Family (2-4 Unit),806 Warren Ave,Brockton,MA,02301,435000,6,2.0,Brockton,2836,7187,1925,15,153,,Active,,,http://www.redfin.com/MA/Brockton/806-Warren-Ave-02301/home/16322737,MLS PIN,72209452,N,Y,42.0694392,-71.0204907
MLS Listing,,Multi-Family (2-4 Unit),837 Saratoga St,Boston,MA,02128,1399999,13,4.0,East Boston,5500,5000,1900,15,255,,Active,,,http://www.redfin.com/MA/Boston/837-Saratoga-St-02128/home/9115013,MLS PIN,72209377,N,Y,42.3846808,-71.01425
MLS Listing,,Multi-Family (2-4 Unit),973 Crescent St,Brockton,MA,02302,349900,6,3.0,Brockton,2608,19950,1920,15,134,,Active,,,http://www.redfin.com/MA/Brockton/973-Crescent-St-02302/home/16336228,MLS PIN,72209339,N,Y,42.0804849,-70.9790022
MLS Listing,,Multi-Family (2-4 Unit),357 Essex St,Lynn,MA,01902,419900,6,2.5,Lynn,2479,2552,1900,16,169,,Active,,,http://www.redfin.com/MA/Lynn/357-Essex-St-01902/home/11326184,MLS PIN,72209167,N,Y,42.4697802,-70.9408954
MLS Listing,,Multi-Family (2-4 Unit),17 Dunlap St,Salem,MA,01970,585000,7,3.0,Salem,3468,3650,1915,16,169,,Active,,,http://www.redfin.com/MA/Salem/17-Dunlap-St-01970/home/8381197,MLS PIN,72209088,N,Y,42.5249544,-70.9054292
MLS Listing,,Multi-Family (2-4 Unit),28 Oliver St,Watertown,MA,02472,1485000,10,5.0,Watertown,3896,7040,1900,16,381,,Active,,,http://www.redfin.com/MA/Watertown/28-Oliver-St-02472/home/11685300,MLS PIN,72209046,N,Y,42.3707492,-71.1828246
MLS Listing,,Multi-Family (2-4 Unit),19-21 Banks St,Waltham,MA,02451,695000,8,3.0,Waltham,2782,5000,1910,16,250,,Active,,,http://www.redfin.com/MA/Waltham/19-Banks-St-02451/home/11812423,MLS PIN,72208969,N,Y,42.376991,-71.249039
MLS Listing,,Multi-Family (2-4 Unit),6-8 Spring St,Plainville,MA,02762,209900,6,3.0,Plainville,2376,12146,1900,16,88,,Active,,,http://www.redfin.com/MA/Plainville/8-Spring-St-02762/home/143099386,MLS PIN,72208737,Y,Y,42.0047563,-71.3345507
MLS Listing,,Multi-Family (2-4 Unit),68 Rand St,Revere,MA,02151,549900,5,2.0,Revere,2042,4000,1983,17,269,,Active,,,http://www.redfin.com/MA/Revere/68-Rand-St-02151/home/11509299,MLS PIN,72208659,N,Y,42.4161685,-71.0303869
MLS Listing,,Multi-Family (2-4 Unit),2 West St,Quincy,MA,02169,594500,6,2.0,South Quincy,2100,7312,1920,17,283,,Active,,,http://www.redfin.com/MA/Quincy/2-West-St-02169/home/8963843,MLS PIN,72208601,N,Y,42.242677,-71.0207258
MLS Listing,,Multi-Family (2-4 Unit),9 Glen St,Boston,MA,02125,1467000,4,3.5,Boston,3392,3070,1927,17,432,,Active,,,http://www.redfin.com/MA/Boston/9-Glen-St-02125/home/9068364,MLS PIN,72208561,N,Y,42.3124924,-71.0671169
MLS Listing,,Multi-Family (2-4 Unit),2 Marianna St,Lynn,MA,01902,529900,5,4.0,East Lynn,2523,2700,1920,17,210,,Active,,,http://www.redfin.com/MA/Lynn/2-Marianna-St-01902/home/11563174,MLS PIN,72208546,N,Y,42.4735731,-70.939576
MLS Listing,,Multi-Family (2-4 Unit),119 thatcher,Brockton,MA,02302,365000,4,2.0,Brockton,1922,19602,1872,17,190,,Active,,,http://www.redfin.com/MA/Brockton/119-Thatcher-St-02302/home/16318985,MLS PIN,72208533,N,Y,42.0757551,-70.9996065
MLS Listing,,Multi-Family (2-4 Unit),9-11 Hesper St,Lynn,MA,01905,469000,4,3.0,Lynn,2016,12008,1991,17,233,,Active,,,http://www.redfin.com/MA/Lynn/9-11-Hesper-St-01905/home/113251783,MLS PIN,72208289,N,Y,42.4678076,-70.9844
MLS Listing,,Multi-Family (2-4 Unit),13 Wiget St,Boston,MA,02113,1950000,5,4.0,North End,2584,1136,1899,17,755,,Active,,,http://www.redfin.com/MA/Boston/13-Wiget-St-02113/home/9278658,MLS PIN,72208197,N,Y,42.364129,-71.056192
MLS Listing,,Multi-Family (2-4 Unit),7-7R Beacon St,Woburn,MA,01801,499900,5,3.0,Woburn,2314,,1840,17,216,,Active,,,http://www.redfin.com/MA/Woburn/7-Beacon-St-01801/home/11815931,MLS PIN,72208139,N,Y,42.4764959,-71.1584012
MLS Listing,,Multi-Family (2-4 Unit),8 Park Rd,Winchester,MA,01890,895000,5,2.5,Winchester,3312,5490,1898,17,270,,Active,,,http://www.redfin.com/MA/Winchester/8-Park-Rd-01890/home/11441735,MLS PIN,72208133,N,Y,42.4581418,-71.1291144
MLS Listing,,Multi-Family (2-4 Unit),661 Cross St,Malden,MA,02148,639900,5,3.0,Malden,1902,2241,1900,18,336,,Active,,,http://www.redfin.com/MA/Malden/661-Cross-St-02148/home/11411346,MLS PIN,72207769,N,Y,42.430598,-71.0543357
MLS Listing,,Multi-Family (2-4 Unit),166 Fayette St,Lynn,MA,01902,515000,6,3.0,Lynn,2382,2797,1900,18,216,,Active,,,http://www.redfin.com/MA/Lynn/166-Fayette-St-01902/home/11563379,MLS PIN,72207728,N,Y,42.4721654,-70.9389519
MLS Listing,,Multi-Family (2-4 Unit),17 Blakeville St,Boston,MA,02121,599900,7,2.0,Boston,3091,4736,1910,18,194,,Active,,,http://www.redfin.com/MA/Boston/17-Blakeville-St-02121/home/11834160,MLS PIN,72207721,N,Y,42.3045042,-71.0705585
MLS Listing,,Multi-Family (2-4 Unit),116 Reed St,Cambridge,MA,02140,899900,2,2.5,Cambridge,1560,3000,1869,18,577,,Active,,,http://www.redfin.com/MA/Cambridge/116-Reed-St-02140/home/11580990,MLS PIN,72207711,N,Y,42.3966326,-71.1323693
MLS Listing,,Multi-Family (2-4 Unit),189-191 Atlantic St,Quincy,MA,02171,879000,8,3.5,Quincy,3488,9930,1920,18,252,,Active,,,http://www.redfin.com/MA/Quincy/191-Atlantic-St-02171/home/143078211,MLS PIN,72207658,N,Y,42.2833294,-71.0271351
MLS Listing,,Multi-Family (2-4 Unit),557 ASH St,Brockton,MA,02301,405000,5,2.0,Brockton,2013,7714,1925,18,201,,Active,,,http://www.redfin.com/MA/Brockton/557-Ash-St-02301/home/16330634,MLS PIN,72207653,N,Y,42.0696546,-71.0349344
MLS Listing,,Multi-Family (2-4 Unit),6 Magnolia St,Boston,MA,02125,619900,5,3.0,Boston,2207,1380,1920,18,281,,Active,,,http://www.redfin.com/MA/Boston/6-Magnolia-St-02125/home/9073514,MLS PIN,72207651,N,Y,42.318527,-71.069682
MLS Listing,,Multi-Family (2-4 Unit),533 Summer Ave,Reading,MA,01867,599900,5,2.5,Reading,2462,29500,1916,18,244,,Active,,,http://www.redfin.com/MA/Reading/533-Summer-Ave-01867/home/8671018,MLS PIN,72207492,N,Y,42.5102446,-71.1017327
MLS Listing,,Multi-Family (2-4 Unit),95 Prentiss St,Somerville,MA,02143,1350000,6,2.5,Somerville,2344,2003,1890,18,576,,Active,,,http://www.redfin.com/MA/Somerville/95-Prentiss-St-02143/home/11795536,MLS PIN,72207480,N,Y,42.3845909,-71.1147203
MLS Listing,,Multi-Family (2-4 Unit),37-39 Porter Rd,Cambridge,MA,02140,1600000,5,2.5,Porter Square,2277,2022,1894,18,703,,Active,,,http://www.redfin.com/MA/Cambridge/39-Porter-Rd-02140/home/11578744,MLS PIN,72207478,N,Y,42.3891131,-71.121
MLS Listing,,Multi-Family (2-4 Unit),161 Cushing St,Cambridge,MA,02138,1450000,4,2.5,Strawberry Hill,2478,5051,1925,18,585,,Active,,,http://www.redfin.com/MA/Cambridge/161-Cushing-St-02138/home/11593357,MLS PIN,72207472,N,Y,42.379276,-71.1521549
MLS Listing,,Multi-Family (2-4 Unit),123 Elm St,Somerville,MA,02144,1350000,6,2.0,Somerville,2276,2940,1900,18,593,,Active,,,http://www.redfin.com/MA/Somerville/123-Elm-St-02144/home/8701956,MLS PIN,72207466,N,Y,42.3905628,-71.1176262
MLS Listing,,Multi-Family (2-4 Unit),141 Falcon St,Boston,MA,02128,599000,6,2.0,East Boston,2108,2187,1910,18,284,,Active,,,http://www.redfin.com/MA/Boston/141-Falcon-St-02128/home/9113755,MLS PIN,72207439,N,Y,42.381784,-71.033097
MLS Listing,,Multi-Family (2-4 Unit),781 WINTHROP Ave,Revere,MA,02151,898900,6,4.0,Beachmont,3302,1949,1900,18,272,,Active,,,http://www.redfin.com/MA/Revere/781-Winthrop-Ave-02151/home/9003018,MLS PIN,72207399,N,Y,42.3957233,-70.98895
MLS Listing,,Multi-Family (2-4 Unit),95 -97 Ten Hills Rd,Somerville,MA,02144,1150000,7,3.0,Somerville,3424,3920,1920,19,336,,Active,,,http://www.redfin.com/MA/Somerville/97-Ten-Hills-Rd-02145/home/8719936,MLS PIN,72207090,N,Y,42.3979263,-71.0861767
MLS Listing,,Multi-Family (2-4 Unit),54 Ferdinand St,Melrose,MA,02176,749900,4,3.0,Melrose,2626,12000,1900,19,286,,Active,,,http://www.redfin.com/MA/Melrose/54-Ferdinand-St-02176/home/11786642,MLS PIN,72207040,N,Y,42.4719551,-71.0772673
MLS Listing,,Multi-Family (2-4 Unit),76-80 Clinton St,Chelsea,MA,02150,899900,6,5.0,Chelsea,3084,12278,1893,19,292,,Active,,,http://www.redfin.com/MA/Chelsea/80-Clinton-St-02150/home/9019031,MLS PIN,72206967,N,Y,42.402125,-71.015778
MLS Listing,,Multi-Family (2-4 Unit),45 Grove St,Taunton,MA,02780,299900,6,4.0,Taunton,2285,2614,1900,19,131,,Active,,,http://www.redfin.com/MA/Taunton/45-Grove-St-02780/home/16101670,MLS PIN,72206871,N,Y,41.9079646,-71.096084
MLS Listing,,Multi-Family (2-4 Unit),166 Summer St,Brockton,MA,02302,374900,5,2.0,Brockton,2592,14070,1888,19,145,,Active,,,http://www.redfin.com/MA/Brockton/166-Summer-St-02302/home/16319004,MLS PIN,72206748,N,Y,42.0743147,-71.0065093
MLS Listing,,Multi-Family (2-4 Unit),70 Endicott St,Quincy,MA,02169,699000,4,4.0,Quincy,2520,6600,1930,19,277,,Active,,,http://www.redfin.com/MA/Quincy/70-Endicott-St-02169/home/8953716,MLS PIN,72206733,N,Y,42.237945,-71.0007245
MLS Listing,,Multi-Family (2-4 Unit),23 Bucklin St,North Attleboro,MA,02760,479900,7,3.0,North Attleboro,3397,18000,1900,19,141,,Active,,,http://www.redfin.com/MA/North-Attleborough/23-Bucklin-St-02760/home/16059555,MLS PIN,72206614,N,Y,41.9745477,-71.3370476
MLS Listing,,Multi-Family (2-4 Unit),14 Chestnut Ave,Lynn,MA,01902,279999,2,2.0,Lynn,1566,4295,1834,20,179,,Active,,,http://www.redfin.com/MA/Lynn/14-Chestnut-Ave-01902/home/11577503,MLS PIN,72206486,N,Y,42.4714887,-70.9400152
MLS Listing,,Multi-Family (2-4 Unit),132R Union St,Rockland,MA,02370,439900,5,2.5,Rockland,2566,38788,1865,20,171,,Active,,,http://www.redfin.com/MA/Rockland/132-Union-St-02370/home/14810517,MLS PIN,72206468,N,Y,42.1258554,-70.9147249
MLS Listing,,Multi-Family (2-4 Unit),227 East St,North Attleboro,MA,02760,329900,7,3.0,North Attleboro,2896,7135,1900,20,114,,Active,,,http://www.redfin.com/MA/North-Attleborough/227-East-St-02760/home/140192823,RIS,1169426,Y,Y,41.9877577,-71.3306639
MLS Listing,,Multi-Family (2-4 Unit),225 Main St,Everett,MA,02149,549900,5,3.0,Everett,2850,2317,1900,20,193,,Active,,,http://www.redfin.com/MA/Everett/225-Main-St-02149/home/11592385,MLS PIN,72206330,N,Y,42.4086234,-71.0620395
MLS Listing,,Multi-Family (2-4 Unit),51r Linden St,Boston,MA,02122,669999,9,3.0,Boston,2913,1836,1905,20,230,,Active,,,http://www.redfin.com/MA/Boston/51R-Linden-St-02122/unit-R/home/9087203,MLS PIN,72206304,N,Y,42.305959,-71.060267
MLS Listing,,Multi-Family (2-4 Unit),15 Currier,Swampscott,MA,01907,575000,4,3.0,Swampscott,2400,7200,2005,20,240,,Active,,,http://www.redfin.com/MA/Swampscott/15-Currier-01907/home/143058724,MLS PIN,72206205,N,Y,42.4724446,-70.9011786
MLS Listing,,Multi-Family (2-4 Unit),214 court St,Brockton,MA,02302,369900,5,3.0,Brockton,2070,15420,1915,21,179,,Active,,,http://www.redfin.com/MA/Brockton/214-Court-St-02302/home/16317017,MLS PIN,72205924,N,Y,42.086741,-71.0121696
MLS Listing,,Multi-Family (2-4 Unit),64 Brush Hill Rd,Milton,MA,02186,600000,4,2.0,Blue Hills,2805,5762,1920,21,214,,Active,,,http://www.redfin.com/MA/Milton/64-Brush-Hill-Rd-02186/home/11826893,MLS PIN,72205851,N,Y,42.263065,-71.0963078
MLS Listing,,Multi-Family (2-4 Unit),12 Autumn St,Everett,MA,02149,579000,6,2.0,Everett,1964,2901,1900,22,295,,Active,,,http://www.redfin.com/MA/Everett/12-Autumn-St-02149/home/8518263,MLS PIN,72205817,N,Y,42.4064997,-71.050186
MLS Listing,,Multi-Family (2-4 Unit),332 Middleboro Ave,Taunton,MA,02780,254900,7,2.0,Taunton,2793,30492,1900,23,91,,Active,,,http://www.redfin.com/MA/Taunton/332-Middleboro-Ave-02718/home/16105114,MLS PIN,72205552,N,Y,41.8813577,-71.0357498
MLS Listing,,Multi-Family (2-4 Unit),70 Fuller St,Brockton,MA,02301,284900,6,3.0,Brockton,3051,5837,1900,23,93,,Active,,,http://www.redfin.com/MA/Brockton/70-Fuller-St-02301/home/16324934,MLS PIN,72205491,N,Y,42.076941,-71.024782
MLS Listing,,Multi-Family (2-4 Unit),37 Fenton St,Boston,MA,02122,625000,3,4.0,Dorchester,1944,2600,1910,23,322,,Active,,,http://www.redfin.com/MA/Boston/37-Fenton-St-02122/home/9085536,MLS PIN,72205338,N,Y,42.303281,-71.0568009
MLS Listing,,Multi-Family (2-4 Unit),2 Church Ave,Taunton,MA,02780,269900,5,3.0,Taunton,2220,1742,1875,23,122,,Active,,,http://www.redfin.com/MA/Taunton/2-Church-Ave-02780/home/16101365,MLS PIN,72205329,N,Y,41.9079751,-71.0946397
MLS Listing,,Multi-Family (2-4 Unit),156 River St,Dedham,MA,02026,489900,3,2.0,Oakdale,1656,14650,1895,24,296,,Active,,,http://www.redfin.com/MA/Dedham/156-River-St-02026/home/8863016,MLS PIN,72205055,N,Y,42.2414218,-71.1510054
MLS Listing,,Multi-Family (2-4 Unit),173 Green St,Brockton,MA,02301,279900,4,,Brockton,800,7362,1959,24,350,,Active,,,http://www.redfin.com/MA/Brockton/173-Green-St-02301/home/40317177,MLS PIN,72204935,N,Y,42.0845943,-71.025172
MLS Listing,,Multi-Family (2-4 Unit),23 River St,Salem,MA,01970,299900,5,2.0,Salem,1546,2110,1800,24,194,,Active,,,http://www.redfin.com/MA/Salem/23-River-St-01970/home/8383749,MLS PIN,72204915,N,Y,42.5222757,-70.9030839
MLS Listing,,Multi-Family (2-4 Unit),31 Blake St,Revere,MA,02151,419931,4,2.0,Revere,2127,5678,1930,24,197,,Active,,,http://www.redfin.com/MA/Revere/31-Blake-St-02151/home/11834574,MLS PIN,72204882,N,Y,42.4043643,-70.9929444
MLS Listing,,Multi-Family (5+ Unit),3-5 High Street Pl,Brookline,MA,02445,3595000,12,6.0,Brookline,5638,5523,1910,24,638,,Active,,,http://www.redfin.com/MA/Brookline/5-High-Street-Pl-02445/home/11490521,MLS PIN,72204869,N,Y,42.326145,-71.12093
MLS Listing,,Multi-Family (2-4 Unit),183 Washington St,Whitman,MA,02382,376900,7,2.0,Whitman,2676,10515,1900,24,141,,Active,,,http://www.redfin.com/MA/Whitman/183-Washington-St-02382/home/16454103,MLS PIN,72204833,N,Y,42.0711434,-70.930781
MLS Listing,,Multi-Family (2-4 Unit),44-46 Vernon,Brookline,MA,02446,1950000,8,4.0,Coolidge Corner,3217,5512,1900,24,606,,Active,,,http://www.redfin.com/MA/Brookline/46-Vernon-St-02446/home/143019646,MLS PIN,72204824,N,Y,42.3391403,-71.1235025
MLS Listing,,Multi-Family (2-4 Unit),444 Mountain,Revere,MA,02151,689900,6,5.0,Revere,3784,8000,1900,24,182,,Active,,,http://www.redfin.com/MA/Revere/444-Mountain-Ave-02151/home/9038549,MLS PIN,72204807,N,Y,42.415326,-71.024944
MLS Listing,,Multi-Family (2-4 Unit),66 Kingsley Rd,Hull,MA,02045,474900,4,2.0,Hull,2840,5000,1920,24,167,,Active,,,http://www.redfin.com/MA/Hull/66-Kingsley-Rd-02045/home/16366178,MLS PIN,72204686,N,Y,42.2808233,-70.8729839
MLS Listing,,Multi-Family (2-4 Unit),335 School St,Whitman,MA,02382,399900,5,3.0,Whitman,3283,18308,1892,24,122,,Active,,,http://www.redfin.com/MA/Whitman/335-School-St-02382/home/16454863,MLS PIN,72204507,N,Y,42.0731861,-70.9451207
MLS Listing,,Multi-Family (2-4 Unit),573 Lincoln Ave,Saugus,MA,01906,549900,6,2.0,Saugus,2574,6499,1920,24,214,,Active,,,http://www.redfin.com/MA/Saugus/573-Lincoln-Ave-01906/home/8365322,MLS PIN,72204404,N,Y,42.4459573,-71.0119759
MLS Listing,,Multi-Family (2-4 Unit),20 Wabon St,Boston,MA,02121,620000,5,2.5,Boston,2592,4577,1900,25,239,,Active,,,http://www.redfin.com/MA/Boston/20-Wabon-St-02121/home/9087608,MLS PIN,72204376,N,Y,42.3143895,-71.0859201
MLS Listing,,Multi-Family (2-4 Unit),52 Medford St,Somerville,MA,02143,875000,7,3.0,Union Square,2525,1375,1900,25,347,,Active,,,http://www.redfin.com/MA/Somerville/52-Medford-St-02143/home/8738843,MLS PIN,72204352,N,Y,42.3750122,-71.0886092
MLS Listing,,Multi-Family (2-4 Unit),420 Montello St,Brockton,MA,02301,399900,8,3.5,Brockton,2704,6621,1875,25,148,,Active,,,http://www.redfin.com/MA/Brockton/420-Montello-St-02301/home/16337445,MLS PIN,72204234,N,Y,42.0771553,-71.0169395
MLS Listing,,Multi-Family (2-4 Unit),90 Church St,Waltham,MA,02452,799900,6,2.5,Waltham,3678,10800,1780,25,217,,Active,,,http://www.redfin.com/MA/Waltham/90-Church-St-02452/home/11809154,MLS PIN,72204060,N,Y,42.3795232,-71.2335487
MLS Listing,,Multi-Family (2-4 Unit),46 Richardson St,Wakefield,MA,01880,675000,7,3.0,Wakefield,2640,13144,1910,25,256,,Active,,,http://www.redfin.com/MA/Wakefield/46-Richardson-St-01880/home/8749863,MLS PIN,72203876,N,Y,42.4999387,-71.0646388
MLS Listing,,Multi-Family (2-4 Unit),119 Jerome St,Medford,MA,02155,729900,7,2.0,West Medford,2650,7727,1910,26,275,,Active,,,http://www.redfin.com/MA/Medford/119-Jerome-St-02155/home/11792420,MLS PIN,72203555,N,Y,42.417082,-71.136232
MLS Listing,,Multi-Family (2-4 Unit),156 W Main,Norton,MA,02766,394900,3,2.5,Norton,1680,22913,1890,26,235,,Active,,,http://www.redfin.com/MA/Norton/156-W-Main-02766/home/142996645,MLS PIN,72203417,N,Y,41.9629235,-71.1804988
MLS Listing,,Multi-Family (2-4 Unit),48 Webber,Malden,MA,02148,529999,3,2.0,Malden,1500,5832,1900,26,353,,Active,,,http://www.redfin.com/MA/Malden/48-Webber-St-02148/home/11420277,MLS PIN,72203394,N,Y,42.437545,-71.0455566
MLS Listing,,Multi-Family (2-4 Unit),402 Centre St,Boston,MA,02130,1765000,9,6.0,Jamaica Plain,3540,2896,1900,26,499,,Active,,,http://www.redfin.com/MA/Boston/402-Centre-St-02130/home/9141063,MLS PIN,72203273,N,Y,42.3211937,-71.1100788
MLS Listing,,Multi-Family (2-4 Unit),138-140 Winchester St,Brookline,MA,02446,3848000,10,8.0,Coolidge Corner,5936,7623,2017,27,648,,Active,,,http://www.redfin.com/MA/Brookline/140-Winchester-St-02446/home/11452545,MLS PIN,72202863,N,Y,42.3441311,-71.1299332
MLS Listing,,Multi-Family (2-4 Unit),2 Fernboro St,Boston,MA,02121,559900,8,3.0,Boston,2664,2426,1890,27,210,,Active,,,http://www.redfin.com/MA/Boston/2-Fernboro-St-02121/home/9065035,MLS PIN,72202693,N,Y,42.3114834,-71.0768771
MLS Listing,,Multi-Family (2-4 Unit),72 Perry St,Stoughton,MA,02072,285000,4,3.0,Stoughton,2234,8800,1940,28,128,,Active,,,http://www.redfin.com/MA/Stoughton/72-Perry-St-02072/home/11732535,MLS PIN,72202445,Y,Y,42.1228954,-71.1071977
MLS Listing,,Multi-Family (2-4 Unit),25 Quincy St,Medford,MA,02155,999000,6,3.0,Medford,2715,4333,1900,28,368,,Active,,,http://www.redfin.com/MA/Medford/25-Quincy-St-02155/home/11794014,MLS PIN,72202385,N,Y,42.4128368,-71.1259945
MLS Listing,,Multi-Family (2-4 Unit),34 Harrison Ave,Abington,MA,02351,495000,3,3.0,Abington,2886,11307,,28,172,,Active,,,http://www.redfin.com/MA/Abington/34-Harrison-Ave-02351/home/16305745,MLS PIN,72202380,N,Y,42.1291461,-70.9435758
MLS Listing,,Multi-Family (2-4 Unit),21 Green St,Reading,MA,01867,399900,3,3.0,Reading,1367,3090,1876,29,293,,Active,,,http://www.redfin.com/MA/Reading/21-Green-St-01867/home/11432059,MLS PIN,72202214,N,Y,42.5217725,-71.1052568
MLS Listing,,Multi-Family (2-4 Unit),12 Mall St,Salem,MA,01970,479999,6,4.0,Salem,2821,4104,1800,29,170,,Active,August-21-2017 01:00 PM,August-21-2017 02:00 PM,http://www.redfin.com/MA/Salem/12-Mall-St-01970/home/8397317,MLS PIN,72202202,N,Y,42.5253112,-70.8912736
MLS Listing,,Multi-Family (2-4 Unit),34 Bay St,Hull,MA,02045,399900,8,4.0,Sagamore Hill,2640,4187,1900,30,151,,Active,,,http://www.redfin.com/MA/Hull/34-Bay-St-02045/home/16366475,MLS PIN,72201980,N,Y,42.2722504,-70.8625585
MLS Listing,,Multi-Family (2-4 Unit),28-30 Taft St,Revere,MA,02151,650000,6,2.0,Revere,2870,3848,1920,30,226,,Active,,,http://www.redfin.com/MA/Revere/30-Taft-St-02151/home/142967290,MLS PIN,72201920,N,Y,42.4047173,-71.0150867
MLS Listing,,Multi-Family (2-4 Unit),77-79 Common St,Quincy,MA,02169,625000,3,2.0,Quincy,2091,10890,1925,30,299,,Active,,,http://www.redfin.com/MA/Quincy/79-Common-St-02169/home/77532880,MLS PIN,72201790,N,Y,42.2504972,-71.0256442
MLS Listing,,Multi-Family (2-4 Unit),58 Tamworth Hill Ave,Wakefield,MA,01880,465000,4,3.5,Greenwood,3026,17100,1950,31,154,,Active,,,http://www.redfin.com/MA/Wakefield/58-Tamworth-Hill-Ave-01880/home/8757089,MLS PIN,72201505,N,Y,42.4745528,-71.0633785
MLS Listing,,Multi-Family (2-4 Unit),47 Spencer Ave,Somerville,MA,02144,1499000,6,2.5,Davis Square,3408,3314,1900,31,440,,Active,,,http://www.redfin.com/MA/Somerville/47-Spencer-Ave-02144/home/8700765,MLS PIN,72201211,N,Y,42.3938241,-71.1138535
MLS Listing,,Multi-Family (2-4 Unit),201 Byron St,Boston,MA,02128,,3,1.0,East Boston,1626,1875,1893,31,,,Active,,,http://www.redfin.com/MA/Boston/201-Byron-St-02128/home/9110969,MLS PIN,72201029,N,Y,42.3811272,-71.014909
MLS Listing,,Multi-Family (2-4 Unit),1470-1472 Hyde Park Ave,Boston,MA,02136,675000,6,3.0,Boston,2716,5840,1910,31,249,,Active,,,http://www.redfin.com/MA/Boston/1472-Hyde-Park-Ave-02136/home/9131814,MLS PIN,72200885,N,Y,42.2483939,-71.1268633
MLS Listing,,Multi-Family (2-4 Unit),73 Stanwood,Boston,MA,02121,599000,6,3.5,Boston,2800,3920,1935,32,214,,Active,,,http://www.redfin.com/MA/Boston/73-Stanwood-St-02121/home/11504895,MLS PIN,72200696,N,Y,42.308376,-71.0791245
MLS Listing,,Multi-Family (2-4 Unit),15 Chisholm Ave,Brockton,MA,02301,499000,5,4.0,Brockton,3000,7187,1925,32,166,,Active,,,http://www.redfin.com/MA/Brockton/15-Chisholm-Ave-02302/home/16326296,MLS PIN,72200429,N,Y,42.1120578,-71.0229904
MLS Listing,,Multi-Family (5+ Unit),58-60 Burbank,Boston,MA,02115,1500000,99,148.5,The Fenway,1660,1660,1915,32,904,,Active,,,http://www.redfin.com/MA/Boston/58-60-Burbank-St-02115/home/139432064,MLS PIN,72200383,N,Y,42.344244,-71.088657
MLS Listing,,Multi-Family (5+ Unit),296-300 BOWDOIN St,Boston,MA,02122,949000,9,3.5,Dorchester,5511,3497,1910,33,172,,Active,,,http://www.redfin.com/MA/Boston/296-300-Bowdoin-St-02125/home/9071949,MLS PIN,72199679,N,Y,42.3077348,-71.0656398
MLS Listing,,Multi-Family (2-4 Unit),16 Arcadia St,Malden,MA,02148,544000,3,2.0,Maplewood,1938,7163,1930,33,281,,Active,,,http://www.redfin.com/MA/Malden/16-Arcadia-St-02148/home/11421975,MLS PIN,72199678,N,Y,42.4404145,-71.041676
MLS Listing,,Multi-Family (2-4 Unit),130-132 Waverly St,Everett,MA,02149,629900,6,3.0,Everett,2735,2470,1910,33,230,,Active,,,http://www.redfin.com/MA/Everett/132-Waverly-St-02149/home/8506775,MLS PIN,72199618,N,Y,42.4123203,-71.0546593
MLS Listing,,Multi-Family (2-4 Unit),51 Belmont St,Rockland,MA,02370,450000,5,3.0,Rockland,3000,13024,1900,34,150,,Active,,,http://www.redfin.com/MA/Rockland/51-Belmont-St-02370/home/14811130,MLS PIN,72199348,N,Y,42.1321371,-70.9182828
MLS Listing,,Multi-Family (2-4 Unit),128 High St,Ipswich,MA,01938,300000,6,2.0,Ipswich,2733,24890,1888,34,110,,Active,,,http://www.redfin.com/MA/Ipswich/128-High-St-01938/home/8252418,MLS PIN,72199319,N,Y,42.6881888,-70.8498711
MLS Listing,,Multi-Family (2-4 Unit),17 Ashton St,Everett,MA,02149,574900,4,2.0,Everett,1988,6730,1900,34,289,,Active,,,http://www.redfin.com/MA/Everett/17-Ashton-St-02149/home/8496145,MLS PIN,72199309,N,Y,42.419843,-71.052995
MLS Listing,,Multi-Family (2-4 Unit),8 Prospect St,Beverly,MA,01915,419900,3,2.0,Beverly,1875,4791,1900,34,224,,Active,,,http://www.redfin.com/MA/Beverly/8-Prospect-St-01915/home/11284404,MLS PIN,72198983,N,Y,42.5528331,-70.8769179
MLS Listing,,Multi-Family (2-4 Unit),16 Normandy St,Boston,MA,02121,827000,10,3.0,Dorchester,4200,5007,1900,35,197,,Active,,,http://www.redfin.com/MA/Boston/16-Normandy-St-02121/home/9065015,MLS PIN,72198787,N,Y,42.31156,-71.0777498
MLS Listing,,Multi-Family (2-4 Unit),61-R Warren Ave,Woburn,MA,01801,495000,5,2.0,Woburn,1908,9946,1920,37,259,,Active,,,http://www.redfin.com/MA/Woburn/61R-Warren-Ave-01801/home/142504295,MLS PIN,72198320,N,Y,42.4730689,-71.1512896
MLS Listing,,Multi-Family (2-4 Unit),655 Cross St,Malden,MA,02148,649000,5,3.0,Malden,2296,2456,1900,37,283,,Active,,,http://www.redfin.com/MA/Malden/655-Cross-St-02148/home/11411340,MLS PIN,72198235,N,Y,42.4304352,-71.0542914
MLS Listing,,Multi-Family (2-4 Unit),91 Riverview Rd,Boston,MA,02135,999999,4,2.5,Boston,3200,10169,1980,37,312,,Active,,,http://www.redfin.com/MA/Boston/91-Riverview-Rd-02135/home/11731875,MLS PIN,72198194,N,Y,42.3571295,-71.158101
MLS Listing,,Multi-Family (2-4 Unit),455-457 Granite St,Quincy,MA,02169,775000,5,3.0,Quincy,2976,9317,1900,38,260,,Active,,,http://www.redfin.com/MA/Quincy/457-Granite-St-02169/home/8964050,MLS PIN,72197950,N,Y,42.2400348,-71.0168962
MLS Listing,,Multi-Family (2-4 Unit),2 Colonial,Newton,MA,02460,1199900,4,2.0,Newtonville,2500,6534,1929,38,480,,Active,,,http://www.redfin.com/MA/Newton/2-Colonial-Ave-02460/home/105630281,MLS PIN,72197910,N,Y,42.3636671,-71.2057871
MLS Listing,,Multi-Family (2-4 Unit),207 E Eagle St,Boston,MA,02128,849999,6,3.0,Boston,2835,1813,1900,38,300,,Active,,,http://www.redfin.com/MA/Boston/207-E-Eagle-St-02128/home/9113672,MLS PIN,72197573,N,Y,42.3812412,-71.0330576
MLS Listing,,Multi-Family (2-4 Unit),181 Henry Ave,Lynn,MA,01902,549900,6,2.0,Lynn,2488,5500,1910,38,221,,Active,,,http://www.redfin.com/MA/Lynn/181-Henry-Ave-01902/home/11575124,MLS PIN,72197453,N,Y,42.472976,-70.9517329
MLS Listing,,Multi-Family (2-4 Unit),52 Plain St,Taunton,MA,02780,299900,6,2.0,Taunton,2232,14810,1920,38,134,,Active,,,http://www.redfin.com/MA/Taunton/52-Plain-St-02780/home/16102388,MLS PIN,72197414,N,Y,41.8839461,-71.0850555
MLS Listing,,Multi-Family (2-4 Unit),79 Waldeck St,Boston,MA,02124,649000,7,2.5,Dorchester,2741,5050,1910,39,237,,Active,,,http://www.redfin.com/MA/Boston/79-Waldeck-St-02124/home/9065625,MLS PIN,72197133,N,Y,42.2983534,-71.0658909
MLS Listing,,Multi-Family (5+ Unit),124 Berkshire St,Cambridge,MA,02141,5500000,32,12.0,East Cambridge,9729,4142,1920,39,565,,Active,,,http://www.redfin.com/MA/Cambridge/124-Berkshire-St-02141/home/11554553,MLS PIN,72196973,N,Y,42.3716549,-71.0898942
MLS Listing,,Multi-Family (2-4 Unit),37-39 Wiltshire Rd,Boston,MA,02135,1259000,6,3.0,Brighton,3485,5904,1926,39,361,,Active,,,http://www.redfin.com/MA/Boston/39-Wiltshire-Rd-02135/home/9036159,MLS PIN,72196902,N,Y,42.3441994,-71.155347
MLS Listing,,Multi-Family (2-4 Unit),58 Adams St,Taunton,MA,02780,239700,4,2.0,Taunton,1440,2614,1920,39,166,,Active,,,http://www.redfin.com/MA/Taunton/58-Adams-St-02780/home/16101676,MLS PIN,72196861,N,Y,41.9080797,-71.0969727
MLS Listing,,Multi-Family (2-4 Unit),17 Union St,Natick,MA,01760,698000,5,2.0,Natick,2854,10019,1880,39,245,,Active,,,http://www.redfin.com/MA/Natick/17-Union-St-01760/home/11678225,MLS PIN,72196856,N,Y,42.2835262,-71.3389009
MLS Listing,,Multi-Family (2-4 Unit),7 E Main St,Avon,MA,02322,299900,4,2.0,Avon,1848,6688,1900,39,162,,Active,,,http://www.redfin.com/MA/Avon/7-E-Main-St-02322/home/8800194,MLS PIN,72196810,N,Y,42.131076,-71.040289
MLS Listing,,Multi-Family (2-4 Unit),56 Adams,Taunton,MA,02780,289800,4,2.0,Taunton,1952,2613,2017,40,148,,Active,,,http://www.redfin.com/MA/Taunton/56-Adams-St-02780/home/16101383,MLS PIN,72196387,N,Y,41.9081247,-71.0968257
MLS Listing,,Multi-Family (2-4 Unit),16 Fowler St,Boston,MA,02121,880000,11,3.0,Dorchester,4104,3704,1905,40,214,,Active,,,http://www.redfin.com/MA/Boston/16-Fowler-St-02121/home/9085988,MLS PIN,72196356,N,Y,42.3002553,-71.0834299
MLS Listing,,Multi-Family (5+ Unit),37 Union St,Holbrook,MA,02343,450000,5,5.0,Holbrook,2614,,1900,40,172,,Active,,,http://www.redfin.com/MA/Holbrook/37-Union-St-02343/home/8871765,MLS PIN,72196300,N,Y,42.1546462,-71.0100605
MLS Listing,,Multi-Family (2-4 Unit),123 Prospect St,Brockton,MA,02301,265000,3,2.0,Brockton,1594,10193,1925,40,166,,Active,,,http://www.redfin.com/MA/Brockton/123-Prospect-St-02301/home/16326737,MLS PIN,72196268,N,Y,42.0917623,-71.0251104
MLS Listing,,Multi-Family (2-4 Unit),86-90-92 Winthrop St,Brockton,MA,02301,830000,10,5.0,Brockton,4975,15681,1890,40,167,,Active,,,http://www.redfin.com/MA/Brockton/92-Winthrop-St-02301/home/141675800,MLS PIN,72195993,N,Y,42.0761117,-71.023862
MLS Listing,,Multi-Family (2-4 Unit),52-54 Appleton St,Salem,MA,01970,304000,3,2.0,Salem,1332,5200,1930,40,228,,Active,,,http://www.redfin.com/MA/Salem/52-54-Appleton-St-01970/home/8384808,MLS PIN,72195833,N,Y,42.532671,-70.905984
MLS Listing,,Multi-Family (5+ Unit),23 Ware St,Cambridge,MA,02138,3250000,6,6.0,Harvard Square,3635,3823,1880,40,894,,Active,,,http://www.redfin.com/MA/Cambridge/23-Ware-St-02138/home/11571365,MLS PIN,72195811,N,Y,42.373538,-71.1128551
MLS Listing,,Multi-Family (2-4 Unit),41-43 Grossman St,Quincy,MA,02169,535000,5,2.0,Quincy,1774,4102,1925,41,302,,Active,,,http://www.redfin.com/MA/Quincy/43-Grossman-St-02169/home/140314123,MLS PIN,72195653,N,Y,42.2406447,-71.0144376
MLS Listing,,Multi-Family (5+ Unit),65 Pearl St,Cambridge,MA,02139,2500000,6,6.0,Central Square,4047,3840,1900,41,618,,Active,,,http://www.redfin.com/MA/Cambridge/65-Pearl-St-02139/home/11561916,MLS PIN,72195568,N,Y,42.3633149,-71.1042676
MLS Listing,,Multi-Family (2-4 Unit),23 Florence St,Brockton,MA,02301,299900,6,2.0,Brockton,1809,3920,1925,41,166,,Active,,,http://www.redfin.com/MA/Brockton/23-Florence-St-02301/home/16317528,MLS PIN,72195506,N,Y,42.0723537,-71.0197049
MLS Listing,,Multi-Family (2-4 Unit),23 Bennett St,Beverly,MA,01915,400000,9,3.5,Beverly,4113,2635,1900,41,97,,Active,,,http://www.redfin.com/MA/Beverly/23-Bennett-St-01915/home/8210350,MLS PIN,72195389,N,Y,42.5572888,-70.8821356
MLS Listing,,Multi-Family (2-4 Unit),36-38 Murdock Ave,Quincy,MA,02169,609900,4,2.0,Quincy,1960,4569,1905,41,311,,Active,,,http://www.redfin.com/MA/Quincy/38-Murdock-Ave-02169/home/113251344,MLS PIN,72195357,N,Y,42.2475537,-70.9846419
MLS Listing,,Multi-Family (2-4 Unit),83 Summit St,Rockland,MA,02370,499900,6,4.0,Rockland,2438,14244,1860,41,205,,Active,,,http://www.redfin.com/MA/Rockland/83-Summit-St-02370/home/14811986,MLS PIN,72195168,N,Y,42.1400578,-70.9161854
MLS Listing,,Multi-Family (2-4 Unit),173-175 South St,Plainville,MA,02762,675000,6,4.0,Plainville,2100,23077,1900,42,321,,Active,,,http://www.redfin.com/MA/Plainville/175-South-St-02762/home/8915063,MLS PIN,72194880,N,Y,42.008461,-71.3379121
MLS Listing,,Multi-Family (2-4 Unit),110 Laurel St,Malden,MA,02148,729900,6,4.0,Maplewood,3490,11308,1910,43,209,,Active,,,http://www.redfin.com/MA/Malden/110-Laurel-St-02148/home/11418012,MLS PIN,72194857,N,Y,42.4328544,-71.0438207
MLS Listing,,Multi-Family (5+ Unit),279 North St,Boston,MA,02113,2400000,8,5.0,North End,3760,4700,1900,43,638,,Active,,,http://www.redfin.com/MA/Boston/279C-North-St-02113/home/141097244,MLS PIN,72194763,N,Y,42.364005,-71.051648
MLS Listing,,Multi-Family (2-4 Unit),308-310 Water St,Quincy,MA,02169,799900,4,4.0,Quincy,3094,6468,1980,43,259,,Active,,,http://www.redfin.com/MA/Quincy/310-Water-St-02169/home/139915035,MLS PIN,72194756,N,Y,42.2413692,-71.0107555
MLS Listing,,Multi-Family (2-4 Unit),20-22 High St,Waltham,MA,02453,1600000,10,6.0,Waltham,7166,8105,1890,43,223,,Active,,,http://www.redfin.com/MA/Waltham/22-High-St-02453/home/139985822,MLS PIN,72194711,N,Y,42.3676819,-71.2364991
MLS Listing,,Multi-Family (2-4 Unit),18 Haskell St,Beverly,MA,01915,869000,8,3.0,Beverly,4018,27400,1900,44,216,,Active,,,http://www.redfin.com/MA/Beverly/18-Haskell-St-01915/home/8222138,MLS PIN,72194586,N,Y,42.562733,-70.8206849
MLS Listing,,Multi-Family (2-4 Unit),51 River St,North Attleboro,MA,02760,259900,4,2.0,North Attleboro,1958,5117,1880,44,133,,Active,,,http://www.redfin.com/MA/North-Attleborough/51-River-St-02760/home/16058391,MLS PIN,72194510,N,Y,41.9869105,-71.3273419
MLS Listing,,Multi-Family (2-4 Unit),29-31 Tufts Ave,Everett,MA,02149,1194900,9,3.0,Everett,3267,4404,1890,44,366,,Active,,,http://www.redfin.com/MA/Everett/31-Tufts-Ave-02149/home/140553376,MLS PIN,72194465,N,Y,42.4062893,-71.0586403
MLS Listing,,Multi-Family (2-4 Unit),237-239 Wessagussett Rd,Weymouth,MA,02191,766000,3,2.0,Weymouth,2189,3180,1908,44,350,,Active,,,http://www.redfin.com/MA/Weymouth/239-Wessagussett-Rd-02191/unit-2/home/138470998,MLS PIN,72194452,N,Y,42.249642,-70.9462396
MLS Listing,,Multi-Family (2-4 Unit),93 ARLINGTON St,Boston,MA,02136,449900,4,2.0,Boston,2026,4720,1870,44,222,,Active,,,http://www.redfin.com/MA/Boston/93-Arlington-St-02136/home/9126416,MLS PIN,72194295,N,Y,42.2621537,-71.1190893
MLS Listing,,Multi-Family (2-4 Unit),80 Conant St,Revere,MA,02151,655995,4,2.5,Revere,2607,6882,1975,45,252,,Active,,,http://www.redfin.com/MA/Revere/80-Conant-St-02151/home/9044992,MLS PIN,72193860,N,Y,42.4196664,-71.0137291
MLS Listing,,Multi-Family (2-4 Unit),28 Lynnfield St,Lynn,MA,01904,389900,5,2.0,Lynn,1979,3244,1920,45,197,,Active,,,http://www.redfin.com/MA/Lynn/28-Lynnfield-St-01904/home/11542189,MLS PIN,72193643,N,Y,42.4855818,-70.9620765
MLS Listing,,Multi-Family (2-4 Unit),12 Connecticut Pl,Brockton,MA,02301,339999,6,2.0,Brockton,2423,7275,1890,45,140,,Active,,,http://www.redfin.com/MA/Brockton/12-Connecticut-Pl-02301/home/16325065,MLS PIN,72193550,N,Y,42.0758051,-71.0292437
MLS Listing,,Multi-Family (2-4 Unit),15 PASADENA Rd,Boston,MA,02121,650000,6,3.0,Dorchester,3767,5075,1927,45,173,,Active,,,http://www.redfin.com/MA/Boston/15-Pasadena-Rd-02121/home/9077498,MLS PIN,72193244,N,Y,42.3052881,-71.0823317
MLS Listing,,Multi-Family (2-4 Unit),27 W Tremlett,Boston,MA,02124,790000,4,3.0,Dorchester's Codman Square,1990,2500,2017,46,397,,Active,,,http://www.redfin.com/MA/Boston/27-W-Tremlett-St-02124/home/40001148,MLS PIN,72192855,N,Y,42.2944161,-71.0733955
MLS Listing,,Multi-Family (2-4 Unit),31 Horace St,Somerville,MA,02144,4999999,3,2.0,Somerville,1170,1905,1900,50,4274,,Active,,,http://www.redfin.com/MA/Somerville/31-Horace-St-02143/home/8738848,MLS PIN,72191805,N,Y,42.3753475,-71.089214
MLS Listing,,Multi-Family (2-4 Unit),354 Beale St,Quincy,MA,02170,958000,6,5.0,Quincy,3537,13243,1890,51,271,,Active,,,http://www.redfin.com/MA/Quincy/354-Beale-St-02170/home/8994642,MLS PIN,72191713,N,Y,42.260111,-71.0289289
MLS Listing,,Multi-Family (2-4 Unit),6 Deering Rd,Boston,MA,02126,749000,9,3.0,Mattapan,3623,4049,1900,51,207,,Active,,,http://www.redfin.com/MA/Boston/6-Deering-Rd-02126/home/9159363,MLS PIN,72191539,N,Y,42.2836118,-71.0923317
MLS Listing,,Multi-Family (2-4 Unit),22 Chestnut Ave,Boston,MA,02130,1539000,9,3.0,Jamaica Plain,2948,2400,1905,51,522,,Active,,,http://www.redfin.com/MA/Boston/22-Chestnut-Ave-02130/home/9142990,MLS PIN,72191262,N,Y,42.3214527,-71.102273
MLS Listing,,Multi-Family (2-4 Unit),74 Liberty,Taunton,MA,02718,339000,5,2.5,Taunton,2374,18295,1920,52,143,,Active,,,http://www.redfin.com/MA/Taunton/74-Liberty-St-02718/home/16106694,MLS PIN,72190943,N,Y,41.874393,-71.0276257
MLS Listing,,Multi-Family (2-4 Unit),20 Highland St,Attleboro,MA,02703,259900,4,2.0,Attleboro,2080,3149,1912,53,125,,Active,,,http://www.redfin.com/MA/Attleboro/20-Highland-St-02703/home/15974202,MLS PIN,72190706,Y,Y,41.942439,-71.2878808
MLS Listing,,Multi-Family (5+ Unit),725-735 Adams St,Boston,MA,02122,24000000,99,148.5,Dorchester's Ashmont,76100,62891,1968,53,315,,Active,,,http://www.redfin.com/MA/Boston/735-Adams-St-02122/home/9097382,MLS PIN,72190599,N,Y,42.2843693,-71.0568057
MLS Listing,,Multi-Family (2-4 Unit),43 Rossetter St,Boston,MA,02124,499000,6,2.5,Boston,2236,3736,1905,53,223,,Active,,,http://www.redfin.com/MA/Boston/43-Rosseter-St-02121/home/9074980,MLS PIN,72190562,N,Y,42.303861,-71.0754864
MLS Listing,,Multi-Family (2-4 Unit),58-60 Sherman Rd,Dedham,MA,02026,679900,4,3.0,Dedham,2712,11166,1915,53,251,,Active,,,http://www.redfin.com/MA/Dedham/60-Sherman-Rd-02026/home/8875053,MLS PIN,72190505,N,Y,42.228541,-71.140553
MLS Listing,,Multi-Family (2-4 Unit),218 Battles St,Brockton,MA,02301,279900,4,2.0,Brockton,2351,10890,1925,53,119,,Active,,,http://www.redfin.com/MA/Brockton/218-Battles-St-02301/home/16327488,MLS PIN,72190288,N,Y,42.0976473,-71.0295351
MLS Listing,,Multi-Family (2-4 Unit),511 Cabot St,Beverly,MA,01915,399900,4,2.5,Beverly,2038,2868,1900,54,196,,Active,,,http://www.redfin.com/MA/Beverly/511-Cabot-St-01915/home/8224543,MLS PIN,72189944,N,Y,42.5667702,-70.8871534
MLS Listing,,Multi-Family (2-4 Unit),24-26 Charnock,Beverly,MA,01915,559000,5,2.0,Beverly,2360,6132,1887,55,237,,Active,,,http://www.redfin.com/MA/Beverly/26-Charnock-St-01915/home/133394667,MLS PIN,72189404,N,Y,42.5519492,-70.876264
MLS Listing,,Multi-Family (2-4 Unit),46 Adams Ave,Everett,MA,02149,659900,6,3.0,Everett,2675,3376,1900,57,247,,Active,,,http://www.redfin.com/MA/Everett/46-Adams-Ave-02149/home/8530123,MLS PIN,72188974,N,Y,42.4150209,-71.0385656
MLS Listing,,Multi-Family (2-4 Unit),378 Summer St,Lynn,MA,01905,429900,7,3.0,Lynn,3019,5894,1780,57,142,,Active,,,http://www.redfin.com/MA/Lynn/378-Summer-St-01905/home/11580841,MLS PIN,72188961,N,Y,42.459811,-70.96178
MLS Listing,,Multi-Family (5+ Unit),593-593A Summer St,Lynn,MA,01905,849900,12,7.5,Lynn,5613,5356,1900,57,151,,Active,,,http://www.redfin.com/MA/Lynn/593-593A-Summer-St-01905/home/131615414,MLS PIN,72188957,N,Y,42.458208,-70.972215
MLS Listing,,Multi-Family (2-4 Unit),574 N Main St,Brockton,MA,02301,389999,4,3.0,Brockton,3690,3230,1920,58,106,,Active,,,http://www.redfin.com/MA/Brockton/574-N-Main-St-02301/home/131102834,MLS PIN,72188838,N,Y,42.0974306,-71.0199066
MLS Listing,,Multi-Family (2-4 Unit),10 Montgomery Ave,Somerville,MA,02145,1125000,8,4.0,Somerville,3827,3100,1890,58,294,,Active,,,http://www.redfin.com/MA/Somerville/10-Montgomery-Ave-02145/home/8731236,MLS PIN,72188783,N,Y,42.3900199,-71.0902901
MLS Listing,,Multi-Family (2-4 Unit),14 Wilmore St,Boston,MA,02126,659900,6,3.0,Boston,3586,2709,1905,58,184,,Active,,,http://www.redfin.com/MA/Boston/14-Wilmore-St-02126/home/9154167,MLS PIN,72188708,N,Y,42.2781857,-71.0924941
MLS Listing,,Multi-Family (2-4 Unit),14 Coral Avenue,Winthrop,MA,02152,499900,4,2.0,Winthrop,1784,5000,1900,58,280,,Active,,,http://www.redfin.com/MA/Winthrop/14-Coral-Ave-02152/home/11517092,MLS PIN,72188667,N,Y,42.3791853,-70.9742931
MLS Listing,,Multi-Family (2-4 Unit),14 Hathaway St,Lynn,MA,01905,584000,8,3.0,Lynn,3738,3740,,58,156,,Active,,,http://www.redfin.com/MA/Lynn/14-Hathaway-St-01905/home/11582143,MLS PIN,72188492,N,Y,42.4570054,-70.9697886
MLS Listing,,Multi-Family (2-4 Unit),106 Brook Rd,Milton,MA,02186,649000,4,2.0,Milton,2354,4490,1920,58,276,,Active,,,http://www.redfin.com/MA/Milton/106-Brook-Rd-02186/home/8898530,MLS PIN,72188481,N,Y,42.2623834,-71.0942654
MLS Listing,,Multi-Family (2-4 Unit),84-86 Park Ave,Whitman,MA,02382,579900,5,3.0,Whitman,3038,14340,1900,59,191,,Active,,,http://www.redfin.com/MA/Whitman/86-Park-Ave-02382/home/130148815,MLS PIN,72188186,N,Y,42.0836754,-70.9351777
MLS Listing,,Multi-Family (2-4 Unit),18 Vernon St,Taunton,MA,02780,235900,5,3.0,Taunton,2074,3920,1900,59,114,,Active,,,http://www.redfin.com/MA/Taunton/18-Vernon-St-02780/home/16107938,MLS PIN,72187699,N,Y,41.8968141,-71.1041817
MLS Listing,,Multi-Family (2-4 Unit),497 Thacher,Attleboro,MA,02703,325000,6,3.0,Attleboro,4021,27199,1900,59,81,,Active,,,http://www.redfin.com/MA/Attleboro/497-Thacher-St-02703/home/129792122,MLS PIN,72187613,Y,Y,41.9341682,-71.3045259
MLS Listing,,Multi-Family (2-4 Unit),117 Linwood Ave,Newton,MA,02460,939000,4,2.0,Newtonville,2362,4962,1910,60,398,,Active,,,http://www.redfin.com/MA/Newton/117-Linwood-Ave-02460/home/11413987,MLS PIN,72187257,N,Y,42.3625381,-71.204629
MLS Listing,,Multi-Family (2-4 Unit),31 Quincy St,Quincy,MA,02169,649900,4,2.0,South Quincy,2400,8365,1890,60,271,,Active,,,http://www.redfin.com/MA/Quincy/31-Quincy-St-02169/home/8958735,MLS PIN,72186978,N,Y,42.2424995,-71.0063654
MLS Listing,,Multi-Family (2-4 Unit),43 Pleasant St,Quincy,MA,02169,649000,5,3.0,Quincy,2177,7437,1900,60,298,,Active,,,http://www.redfin.com/MA/Quincy/43-Pleasant-St-02169/home/11496683,MLS PIN,72186953,N,Y,42.2427574,-71.0071186
MLS Listing,,Multi-Family (2-4 Unit),21 Essex St,Boston,MA,02129,1500000,4,4.0,Charlestown,2327,1004,,60,645,,Active,,,http://www.redfin.com/MA/Boston/21-Essex-St-02129/home/9058249,MLS PIN,72186918,N,Y,42.3792525,-71.0697327
MLS Listing,,Multi-Family (2-4 Unit),59 Linden St,Whitman,MA,02382,479900,5,3.0,Whitman,3000,8250,1895,60,160,,Active,,,http://www.redfin.com/MA/Whitman/59-Linden-St-02382/home/16456501,MLS PIN,72186913,N,Y,42.0794395,-70.9294504
MLS Listing,,Multi-Family (2-4 Unit),18 Seaver St,Brockton,MA,02301,379900,4,2.0,Brockton,2288,7187,1912,60,166,,Active,,,http://www.redfin.com/MA/Brockton/18-Seaver-St-02301/home/16325821,MLS PIN,72186877,N,Y,42.086812,-71.036973
MLS Listing,,Multi-Family (5+ Unit),630 Washington St,Boston,MA,02111,25000000,56,56.0,Financial District,57968,8611,1850,60,431,,Active,,,http://www.redfin.com/MA/Boston/630-Washington-St-02111/home/110301022,MLS PIN,72186527,N,Y,42.3522331,-71.0623864
MLS Listing,,Multi-Family (2-4 Unit),6-8 Codman St,Boston,MA,02124,569900,5,2.0,Dorchester,2464,8401,1920,61,231,,Active,,,http://www.redfin.com/MA/Boston/8-Codman-St-02124/home/17545446,MLS PIN,72185357,N,Y,42.2784493,-71.0743116
MLS Listing,,Multi-Family (2-4 Unit),21 Sumner St,North Attleboro,MA,02760,379900,6,2.5,North Attleboro,2946,12571,1890,61,129,,Active,,,http://www.redfin.com/MA/North-Attleborough/21-Sumner-St-02760/home/16056802,MLS PIN,72185196,N,Y,41.9843301,-71.3410303
MLS Listing,,Multi-Family (2-4 Unit),13-14 Parker Ct,Attleboro,MA,02703,264500,4,2.0,Attleboro,1774,3913,1900,61,149,,Active,,,http://www.redfin.com/MA/Attleboro/13-Parker-Ct-02703/home/15973769,MLS PIN,72185146,N,Y,41.9376917,-71.280323
MLS Listing,,Multi-Family (2-4 Unit),23-25 Williams St,Waltham,MA,02453,579000,6,3.0,Waltham,3112,6687,1880,61,186,,Active,,,http://www.redfin.com/MA/Waltham/25-Williams-St-02453/home/11812847,MLS PIN,72185141,N,Y,42.3735223,-71.2425837
MLS Listing,,Multi-Family (2-4 Unit),26 Sheafe St,Brookline,MA,02467,1195000,4,2.0,Brookline,2112,3144,1927,61,566,,Active,,,http://www.redfin.com/MA/Brookline/26-Sheafe-St-02467/home/11499453,MLS PIN,72185042,N,Y,42.3224411,-71.1646273
MLS Listing,,Multi-Family (2-4 Unit),23 Holbrook Ave,Brockton,MA,02301,489900,6,3.0,Brockton,3000,7405,1872,61,163,,Active,,,http://www.redfin.com/MA/Brockton/23-Holbrook-Ave-02301/home/16322328,MLS PIN,72184956,N,Y,42.1007353,-71.023378
MLS Listing,,Multi-Family (5+ Unit),499-Lot2 Thacher St,Attleboro,MA,02703,425000,6,3.0,Attleboro,4021,69223,1900,62,106,,Active,,,http://www.redfin.com/MA/Attleboro/499-Thacher-St-02703/home/15973061,MLS PIN,72184682,Y,Y,41.9344324,-71.3046852
MLS Listing,,Multi-Family (2-4 Unit),34 Gardner St,Chelsea,MA,02150,999000,6,4.0,Chelsea,4644,3903,1920,62,215,,Active,,,http://www.redfin.com/MA/Chelsea/34-Gardner-St-02150/home/9013241,MLS PIN,72184668,N,Y,42.3991339,-71.0294536
MLS Listing,,Multi-Family (2-4 Unit),20-22 BROOKLINE St,Watertown,MA,02472,1100000,6,3.0,Watertown,2600,7670,1930,62,423,,Active,,,http://www.redfin.com/MA/Watertown/22-Brookline-St-02472/home/77532895,MLS PIN,72184347,N,Y,42.3818034,-71.1986831
MLS Listing,,Multi-Family (2-4 Unit),6-8 echo grove Ave,Lynn,MA,01905,599998,8,3.0,Lynn,3384,8000,1900,65,177,,Active,,,http://www.redfin.com/MA/Lynn/8-Echo-Grove-Ave-01905/home/124846314,MLS PIN,72183817,N,Y,42.4603602,-70.9782818
MLS Listing,,Multi-Family (2-4 Unit),7-9 YUILL Cir,Boston,MA,02136,950000,6,2.5,Hyde Park's Readville,2304,4000,1902,65,412,,Active,,,http://www.redfin.com/MA/Boston/9-Yuill-Cir-02136/home/124519035,MLS PIN,72183510,N,Y,42.2370808,-71.1308693
MLS Listing,,Multi-Family (5+ Unit),50-56 Phipps St,Quincy,MA,02169,1496800,11,8.0,Quincy,6690,8918,1945,66,224,,Active,,,http://www.redfin.com/MA/Quincy/56-Phipps-St-02169/home/113250352,MLS PIN,72183252,N,Y,42.2427359,-71.0010583
MLS Listing,,Multi-Family (5+ Unit),21 -23 NELSON St,Quincy,MA,02169,849900,4,5.0,West Quincy,2808,9700,1915,66,303,,Active,,,http://www.redfin.com/MA/Quincy/23-Nelson-St-02169/home/123715919,MLS PIN,72182861,N,Y,42.2444669,-71.0186144
MLS Listing,,Multi-Family (5+ Unit),143 Canal St,Salem,MA,01970,1249000,15,9.0,Salem,4739,7266,1900,67,264,,Active,,,http://www.redfin.com/MA/Salem/143-Canal-St-01970/home/8390873,MLS PIN,72182392,N,Y,42.5082738,-70.8958747
MLS Listing,,Multi-Family (2-4 Unit),66-68 Spring St,Cohasset,MA,02025,679000,6,2.0,Cohasset,3266,9158,1880,67,208,,Active,,,http://www.redfin.com/MA/Cohasset/68-Spring-St-02025/home/122925280,MLS PIN,72182356,N,Y,42.2361713,-70.7993324
MLS Listing,,Multi-Family (2-4 Unit),2 Windsor Rd,Somerville,MA,02144,1695000,6,3.0,Davis Square,3231,3331,1915,67,525,,Active,,,http://www.redfin.com/MA/Somerville/2-Windsor-Rd-02144/home/8701551,MLS PIN,72182053,N,Y,42.3927176,-71.1153712
MLS Listing,,Multi-Family (5+ Unit),10-16 East St,Mansfield,MA,02048,1375000,11,9.0,Mansfield,6752,13075,1900,67,204,,Active,,,http://www.redfin.com/MA/Mansfield/16-East-St-02048/unit-3/home/16028154,MLS PIN,72181648,N,Y,42.024934,-71.2158819
MLS Listing,,Multi-Family (2-4 Unit),3 Oliver Pl,Everett,MA,02149,579000,6,2.0,Everett,2296,7497,1900,68,252,,Active,,,http://www.redfin.com/MA/Everett/3-Oliver-Pl-02149/home/8518782,MLS PIN,72181096,N,Y,42.4064952,-71.0485845
MLS Listing,,Multi-Family (2-4 Unit),549-551 Broad St,Weymouth,MA,02189,479900,6,2.5,East Weymouth,2160,5793,1868,69,222,,Active,,,http://www.redfin.com/MA/Weymouth/551-Broad-St-02189/home/120734106,MLS PIN,72180806,N,Y,42.2175721,-70.9372551
MLS Listing,,Multi-Family (2-4 Unit),2-4 Bentham Rd,Boston,MA,02122,699000,7,3.0,Boston,3016,3459,1905,69,232,,Active,,,http://www.redfin.com/MA/Boston/4-Bentham-Rd-02122/home/113251048,MLS PIN,72180525,N,Y,42.3033485,-71.0640499
MLS Listing,,Multi-Family (2-4 Unit),38-40 Harding Ave,Malden,MA,02148,899000,10,9.0,Malden,3375,3377,1900,70,266,,Active,,,http://www.redfin.com/MA/Malden/38-40-Harding-Ave-02148/home/11408990,MLS PIN,72180199,N,Y,42.4297771,-71.0576002
MLS Listing,,Multi-Family (2-4 Unit),3907 Washington St,Boston,MA,02131,1125000,9,3.0,Jamaica Plain,3204,3825,1905,72,351,,Active,,,http://www.redfin.com/MA/Boston/3907-Washington-St-02131/home/9225776,MLS PIN,72179769,N,Y,42.2950596,-71.1192944
MLS Listing,,Multi-Family (2-4 Unit),112 Marginal St,Boston,MA,02128,1000000,4,2.0,East Boston's Jeffries Point,2164,2856,1900,72,462,,Active,,,http://www.redfin.com/MA/Boston/112-Marginal-St-02128/home/11835291,MLS PIN,72179573,N,Y,42.3659523,-71.0369455
MLS Listing,,Multi-Family (2-4 Unit),36 Ormond St,Boston,MA,02126,600000,6,3.5,Boston,3439,9210,1904,72,174,,Active,,,http://www.redfin.com/MA/Boston/36-Ormond-St-02126/home/9161141,MLS PIN,72179504,N,Y,42.281176,-71.0938432
MLS Listing,,Multi-Family (2-4 Unit),53 Silver St,Quincy,MA,02169,598000,4,2.0,Quincy Point,1682,7751,1890,73,356,,Active,,,http://www.redfin.com/MA/Quincy/53-Silver-St-02169/home/8939008,MLS PIN,72179283,N,Y,42.2504093,-70.9806436
MLS Listing,,Multi-Family (2-4 Unit),3 Annapolis St,Boston,MA,02125,1049900,8,4.0,Dorchester's Uphams Corner,3519,2711,1905,73,298,,Active,,,http://www.redfin.com/MA/Boston/3-Annapolis-St-02125/home/9064856,MLS PIN,72179219,N,Y,42.3172635,-71.0619252
MLS Listing,,Multi-Family (2-4 Unit),18-20 Lopez St,Cambridge,MA,02139,1695000,6,3.0,Cambridge,3204,2500,1886,74,529,,Active,,,http://www.redfin.com/MA/Cambridge/20-Lopez-St-02139/home/115553801,MLS PIN,72177885,N,Y,42.3613472,-71.1046574
MLS Listing,,Multi-Family (2-4 Unit),74 Moreland St,Somerville,MA,02145,1150000,5,3.0,Winter Hill,3309,5325,1910,74,348,,Active,,,http://www.redfin.com/MA/Somerville/74-Moreland-St-02145/home/11795592,MLS PIN,72177548,N,Y,42.3985168,-71.0967253
MLS Listing,,Multi-Family (2-4 Unit),173 Walnut St,Chelsea,MA,02150,545000,0,3.0,Chelsea,3414,1846,1920,75,160,,Active,,,http://www.redfin.com/MA/Chelsea/173-Walnut-St-02150/home/9010004,MLS PIN,72177178,N,Y,42.3934046,-71.0364138
MLS Listing,,Multi-Family (5+ Unit),465 Revere Beach Blvd,Revere,MA,02151,1200000,6,5.0,Revere,3994,10710,1939,75,300,,Active,,,http://www.redfin.com/MA/Revere/465-Revere-Beach-Blvd-02151/home/9019906,MLS PIN,72177011,N,Y,42.4264121,-70.981704
MLS Listing,,Multi-Family (2-4 Unit),76 Cedar St,Norwood,MA,02062,449000,4,2.0,Norwood,1724,5678,1911,76,260,,Active,,,http://www.redfin.com/MA/Norwood/76-Cedar-St-02062/home/8909312,MLS PIN,72176561,N,Y,42.1797557,-71.2075649
MLS Listing,,Multi-Family (2-4 Unit),124 Central Ave,Boston,MA,02136,510000,4,2.5,Hyde Park,2048,5221,1905,76,249,,Active,,,http://www.redfin.com/MA/Boston/124-Central-Ave-02136/home/9126413,MLS PIN,72176135,N,Y,42.2623861,-71.1190075
MLS Listing,,Multi-Family (2-4 Unit),47 Allen St,Brockton,MA,02301,329900,6,3.0,Brockton,2533,3528,1900,77,130,,Active,,,http://www.redfin.com/MA/Brockton/47-Allen-St-02301/home/16321671,MLS PIN,72175941,N,Y,42.0780804,-71.0176503
MLS Listing,,Multi-Family (2-4 Unit),21 Middleton St,Boston,MA,02124,549900,6,2.0,Dorchester,2234,2444,1905,77,246,,Active,,,http://www.redfin.com/MA/Boston/21-Middleton-St-02124/home/9100977,MLS PIN,72175818,N,Y,42.2834807,-71.0864709
MLS Listing,,Multi-Family (2-4 Unit),98 Clinton St,Brockton,MA,02302,329900,4,2.0,Brockton,1602,5663,1900,78,206,,Active,,,http://www.redfin.com/MA/Brockton/98-Clinton-St-02302/home/16320060,MLS PIN,72175777,N,Y,42.0681091,-71.0139678
MLS Listing,,Multi-Family (2-4 Unit),45 Lincoln,Malden,MA,02148,579900,4,2.0,Malden,1974,7288,1880,78,294,,Active,,,http://www.redfin.com/MA/Malden/45-Lincoln-St-02148/home/11400090,MLS PIN,72175577,N,Y,42.431168,-71.0731872
MLS Listing,,Multi-Family (2-4 Unit),178 S Main St,Attleboro,MA,02703,459000,5,4.0,Attleboro,4973,17344,1900,79,92,,Active,,,http://www.redfin.com/MA/Attleboro/178-S-Main-St-02703/home/15973516,MLS PIN,72175475,N,Y,41.9382789,-71.2843051
MLS Listing,,Multi-Family (5+ Unit),583-587 montello,Brockton,MA,02301,1449000,18,12.0,Brockton,7800,11282,1920,79,186,,Active,,,http://www.redfin.com/MA/Brockton/587-Montello-St-02301/home/16321337,MLS PIN,72175062,N,Y,42.0736149,-71.0173571
MLS Listing,,Multi-Family (5+ Unit),278 Main St,Brockton,MA,02301,2700000,33,17.0,Brockton,16550,10062,,79,163,,Active,,,http://www.redfin.com/MA/Brockton/278-Main-St-02301/home/16321674,MLS PIN,72175020,N,Y,42.079756,-71.019787
