SALE TYPE,SOLD DATE,PROPERTY TYPE,ADDRESS,CITY,STATE,ZIP,PRICE,BEDS,BATHS,LOCATION,SQUARE FEET,LOT SIZE,YEAR BUILT,DAYS ON MARKET,$/SQUARE FEET,HOA/MONTH,STATUS,NEXT OPEN HOUSE START TIME,NEXT OPEN HOUSE END TIME,URL (SEE http://www.redfin.com/buy-a-home/comparative-market-analysis FOR INFO ON PRICING),SOURCE,MLS#,FAVORITE,INTERESTED,LATITUDE,LONGITUDE,PRICE PER BED,PRICE PER SQUARE FOOT
MLS Listing,,Multi-Family (5+ Unit),725-735 Adams St,Boston,MA,2122,24000000.0,99,148.5,Dorchester's Ashmont,76100,62891.0,1968.0,53,315.0,,Active,,,http://www.redfin.com/MA/Boston/735-Adams-St-02122/home/9097382,MLS PIN,72190599,N,Y,42.284369299999994,-71.0568057,2376000000.0,1826400000000.0
MLS Listing,,Multi-Family (5+ Unit),630 Washington St,Boston,MA,2111,25000000.0,56,56.0,Financial District,57968,8611.0,1850.0,60,431.0,,Active,,,http://www.redfin.com/MA/Boston/630-Washington-St-02111/home/110301022,MLS PIN,72186527,N,Y,42.3522331,-71.06238640000001,1400000000.0,1449200000000.0
MLS Listing,,Multi-Family (5+ Unit),124 Berkshire St,Cambridge,MA,2141,5500000.0,32,12.0,East Cambridge,9729,4142.0,1920.0,39,565.0,,Active,,,http://www.redfin.com/MA/Cambridge/124-Berkshire-St-02141/home/11554553,MLS PIN,72196973,N,Y,42.3716549,-71.0898942,176000000.0,53509500000.0
MLS Listing,,Multi-Family (5+ Unit),58-60 Burbank,Boston,MA,2115,1500000.0,99,148.5,The Fenway,1660,1660.0,1915.0,32,904.0,,Active,,,http://www.redfin.com/MA/Boston/58-60-Burbank-St-02115/home/139432064,MLS PIN,72200383,N,Y,42.344244,-71.088657,148500000.0,2490000000.0
MLS Listing,,Multi-Family (5+ Unit),278 Main St,Brockton,MA,2301,2700000.0,33,17.0,Brockton,16550,10062.0,,79,163.0,,Active,,,http://www.redfin.com/MA/Brockton/278-Main-St-02301/home/16321674,MLS PIN,72175020,N,Y,42.079756,-71.019787,89100000.0,44685000000.0
MLS Listing,,Multi-Family (5+ Unit),16-20 Albany St,Lynn,MA,1902,2400000.0,27,12.0,Lynn,20000,13140.0,1907.0,3,120.0,,Active,,,http://www.redfin.com/MA/Lynn/20-Albany-St-01902/home/11577886,MLS PIN,72215270,N,Y,42.4671879,-70.9581171,64800000.0,48000000000.0
MLS Listing,,Multi-Family (5+ Unit),3-5 High Street Pl,Brookline,MA,2445,3595000.0,12,6.0,Brookline,5638,5523.0,1910.0,24,638.0,,Active,,,http://www.redfin.com/MA/Brookline/5-High-Street-Pl-02445/home/11490521,MLS PIN,72204869,N,Y,42.326145000000004,-71.12093,43140000.0,20268610000.0
MLS Listing,,Multi-Family (2-4 Unit),138-140 Winchester St,Brookline,MA,2446,3848000.0,10,8.0,Coolidge Corner,5936,7623.0,2017.0,27,648.0,,Active,,,http://www.redfin.com/MA/Brookline/140-Winchester-St-02446/home/11452545,MLS PIN,72202863,N,Y,42.3441311,-71.12993320000001,38480000.0,22841728000.0
MLS Listing,,Multi-Family (5+ Unit),373 - 375 Salem St,Malden,MA,2148,1780000.0,19,6.0,Maplewood,8510,4513.0,1900.0,1,209.0,,Active,,,http://www.redfin.com/MA/Malden/375-Salem-St-02148/home/11411439,MLS PIN,72216257,N,Y,42.4309479,-71.054828,33820000.0,15147800000.0
MLS Listing,,Multi-Family (5+ Unit),583-587 montello,Brockton,MA,2301,1449000.0,18,12.0,Brockton,7800,11282.0,1920.0,79,186.0,,Active,,,http://www.redfin.com/MA/Brockton/587-Montello-St-02301/home/16321337,MLS PIN,72175062,N,Y,42.073614899999995,-71.0173571,26082000.0,11302200000.0
MLS Listing,,Multi-Family (2-4 Unit),12-18 Hollis St,Wellesley,MA,2482,3200000.0,8,9.5,Wellesley,8054,20000.0,1977.0,11,397.0,,Active,,,http://www.redfin.com/MA/Wellesley/18-Hollis-St-02482/home/18956373,MLS PIN,72211304,N,Y,42.2991908,-71.2958537,25600000.0,25772800000.0
MLS Listing,,Multi-Family (5+ Unit),23 Ware St,Cambridge,MA,2138,3250000.0,6,6.0,Harvard Square,3635,3823.0,1880.0,40,894.0,,Active,,,http://www.redfin.com/MA/Cambridge/23-Ware-St-02138/home/11571365,MLS PIN,72195811,N,Y,42.373538,-71.1128551,19500000.0,11813750000.0
MLS Listing,,Multi-Family (2-4 Unit),870 E 5Th St,Boston,MA,2127,1950000.0,10,3.0,South Boston,4536,999.0,1899.0,3,430.0,,Active,August-21-2017 11:00 AM,August-21-2017 12:30 PM,http://www.redfin.com/MA/Boston/870-E-5th-St-02127/home/9191407,MLS PIN,72215299,N,Y,42.3342924,-71.0255995,19500000.0,8845200000.0
MLS Listing,,Multi-Family (5+ Unit),279 North St,Boston,MA,2113,2400000.0,8,5.0,North End,3760,4700.0,1900.0,43,638.0,,Active,,,http://www.redfin.com/MA/Boston/279C-North-St-02113/home/141097244,MLS PIN,72194763,N,Y,42.364005,-71.051648,19200000.0,9024000000.0
MLS Listing,,Multi-Family (5+ Unit),143 Canal St,Salem,MA,1970,1249000.0,15,9.0,Salem,4739,7266.0,1900.0,67,264.0,,Active,,,http://www.redfin.com/MA/Salem/143-Canal-St-01970/home/8390873,MLS PIN,72182392,N,Y,42.5082738,-70.8958747,18735000.0,5919011000.0
MLS Listing,,Multi-Family (2-4 Unit),837 Saratoga St,Boston,MA,2128,1399999.0,13,4.0,East Boston,5500,5000.0,1900.0,15,255.0,,Active,,,http://www.redfin.com/MA/Boston/837-Saratoga-St-02128/home/9115013,MLS PIN,72209377,N,Y,42.3846808,-71.01425,18199987.0,7699994500.0
MLS Listing,,Multi-Family (2-4 Unit),17-19 Wheeler St,Somerville,MA,2145,1595000.0,11,3.0,Somerville,4300,3978.0,1900.0,8,371.0,,Active,,,http://www.redfin.com/MA/Somerville/19-Wheeler-St-02145/home/143235425,MLS PIN,72212809,N,Y,42.3845058,-71.0811131,17545000.0,6858500000.0
MLS Listing,,Multi-Family (5+ Unit),50-56 Phipps St,Quincy,MA,2169,1496800.0,11,8.0,Quincy,6690,8918.0,1945.0,66,224.0,,Active,,,http://www.redfin.com/MA/Quincy/56-Phipps-St-02169/home/113250352,MLS PIN,72183252,N,Y,42.2427359,-71.0010583,16464800.0,10013592000.0
MLS Listing,,Multi-Family (2-4 Unit),20-22 High St,Waltham,MA,2453,1600000.0,10,6.0,Waltham,7166,8105.0,1890.0,43,223.0,,Active,,,http://www.redfin.com/MA/Waltham/22-High-St-02453/home/139985822,MLS PIN,72194711,N,Y,42.367681899999994,-71.23649909999999,16000000.0,11465600000.0
MLS Listing,,Multi-Family (2-4 Unit),402 Centre St,Boston,MA,2130,1765000.0,9,6.0,Jamaica Plain,3540,2896.0,1900.0,26,499.0,,Active,,,http://www.redfin.com/MA/Boston/402-Centre-St-02130/home/9141063,MLS PIN,72203273,N,Y,42.3211937,-71.1100788,15885000.0,6248100000.0
MLS Listing,,Multi-Family (2-4 Unit),44-46 Vernon,Brookline,MA,2446,1950000.0,8,4.0,Coolidge Corner,3217,5512.0,1900.0,24,606.0,,Active,,,http://www.redfin.com/MA/Brookline/46-Vernon-St-02446/home/143019646,MLS PIN,72204824,N,Y,42.3391403,-71.1235025,15600000.0,6273150000.0
MLS Listing,,Multi-Family (5+ Unit),10-16 East St,Mansfield,MA,2048,1375000.0,11,9.0,Mansfield,6752,13075.0,1900.0,67,204.0,,Active,,,http://www.redfin.com/MA/Mansfield/16-East-St-02048/unit-3/home/16028154,MLS PIN,72181648,N,Y,42.024934,-71.2158819,15125000.0,9284000000.0
MLS Listing,,Multi-Family (5+ Unit),65 Pearl St,Cambridge,MA,2139,2500000.0,6,6.0,Central Square,4047,3840.0,1900.0,41,618.0,,Active,,,http://www.redfin.com/MA/Cambridge/65-Pearl-St-02139/home/11561916,MLS PIN,72195568,N,Y,42.3633149,-71.1042676,15000000.0,10117500000.0
MLS Listing,,Multi-Family (2-4 Unit),31 Horace St,Somerville,MA,2144,4999999.0,3,2.0,Somerville,1170,1905.0,1900.0,50,4274.0,,Active,,,http://www.redfin.com/MA/Somerville/31-Horace-St-02143/home/8738848,MLS PIN,72191805,N,Y,42.3753475,-71.089214,14999997.0,5849998830.0
MLS Listing,,Multi-Family (2-4 Unit),28 Oliver St,Watertown,MA,2472,1485000.0,10,5.0,Watertown,3896,7040.0,1900.0,16,381.0,,Active,,,http://www.redfin.com/MA/Watertown/28-Oliver-St-02472/home/11685300,MLS PIN,72209046,N,Y,42.370749200000006,-71.18282459999999,14850000.0,5785560000.0
MLS Listing,,Multi-Family (2-4 Unit),22 Chestnut Ave,Boston,MA,2130,1539000.0,9,3.0,Jamaica Plain,2948,2400.0,1905.0,51,522.0,,Active,,,http://www.redfin.com/MA/Boston/22-Chestnut-Ave-02130/home/9142990,MLS PIN,72191262,N,Y,42.3214527,-71.102273,13851000.0,4536972000.0
MLS Listing,,Multi-Family (2-4 Unit),29 Oxford St,Somerville,MA,2143,1600000.0,8,3.0,Somerville,3946,4560.0,1900.0,4,405.0,,Active,,,http://www.redfin.com/MA/Somerville/29-Oxford-St-02143/home/8717338,MLS PIN,72214483,N,Y,42.386790999999995,-71.10038259999999,12800000.0,6313600000.0
MLS Listing,,Multi-Family (2-4 Unit),74 Thorndike St,Cambridge,MA,2141,2450000.0,5,4.0,East Cambridge,3076,4500.0,1900.0,10,796.0,,Active,,,http://www.redfin.com/MA/Cambridge/74-Thorndike-St-02141/home/11552315,MLS PIN,72211852,N,Y,42.3696516,-71.0813004,12250000.0,7536200000.0
MLS Listing,,Multi-Family (2-4 Unit),45 Bullard St,Boston,MA,2121,999000.0,12,3.0,Dorchester's Mount Bowdoin,4601,3928.0,1910.0,13,217.0,,Active,,,http://www.redfin.com/MA/Boston/45-Bullard-St-02121/home/9075868,MLS PIN,72210086,N,Y,42.3019973,-71.07458079999999,11988000.0,4596399000.0
MLS Listing,,Multi-Family (2-4 Unit),27 Everett Ave,Somerville,MA,2145,1450000.0,8,5.0,East Somerville,4500,5000.0,1890.0,9,322.0,,Active,,,http://www.redfin.com/MA/Somerville/27-Everett-Ave-02145/home/8736022,MLS PIN,72212498,N,Y,42.387106700000004,-71.0888161,11600000.0,6525000000.0
MLS Listing,,Multi-Family (5+ Unit),776-782 Broad St,Weymouth,MA,2189,1149000.0,10,5.0,Weymouth,5947,6229.0,1900.0,3,193.0,,Active,,,http://www.redfin.com/MA/Weymouth/776-Broad-St-02189/home/143323277,MLS PIN,72215521,N,Y,42.216365,-70.926765,11490000.0,6833103000.0
MLS Listing,,Multi-Family (2-4 Unit),24-26 Lincoln Pkwy,Somerville,MA,2143,1275000.0,9,3.0,Union Square,3759,3632.0,1900.0,3,339.0,,Active,,,http://www.redfin.com/MA/Somerville/26-Lincoln-Pkwy-02143/home/8730266,MLS PIN,72215259,N,Y,42.3777054,-71.0989009,11475000.0,4792725000.0
MLS Listing,,Multi-Family (2-4 Unit),29-31 Tufts Ave,Everett,MA,2149,1194900.0,9,3.0,Everett,3267,4404.0,1890.0,44,366.0,,Active,,,http://www.redfin.com/MA/Everett/31-Tufts-Ave-02149/home/140553376,MLS PIN,72194465,N,Y,42.4062893,-71.0586403,10754100.0,3903738300.0
MLS Listing,,Multi-Family (5+ Unit),593-593A Summer St,Lynn,MA,1905,849900.0,12,7.5,Lynn,5613,5356.0,1900.0,57,151.0,,Active,,,http://www.redfin.com/MA/Lynn/593-593A-Summer-St-01905/home/131615414,MLS PIN,72188957,N,Y,42.458208,-70.972215,10198800.0,4770488700.0
MLS Listing,,Multi-Family (2-4 Unit),2 Windsor Rd,Somerville,MA,2144,1695000.0,6,3.0,Davis Square,3231,3331.0,1915.0,67,525.0,,Active,,,http://www.redfin.com/MA/Somerville/2-Windsor-Rd-02144/home/8701551,MLS PIN,72182053,N,Y,42.392717600000005,-71.11537120000001,10170000.0,5476545000.0
MLS Listing,,Multi-Family (2-4 Unit),18-20 Lopez St,Cambridge,MA,2139,1695000.0,6,3.0,Cambridge,3204,2500.0,1886.0,74,529.0,,Active,,,http://www.redfin.com/MA/Cambridge/20-Lopez-St-02139/home/115553801,MLS PIN,72177885,N,Y,42.361347200000004,-71.10465740000001,10170000.0,5430780000.0
MLS Listing,,Multi-Family (2-4 Unit),3907 Washington St,Boston,MA,2131,1125000.0,9,3.0,Jamaica Plain,3204,3825.0,1905.0,72,351.0,,Active,,,http://www.redfin.com/MA/Boston/3907-Washington-St-02131/home/9225776,MLS PIN,72179769,N,Y,42.2950596,-71.1192944,10125000.0,3604500000.0
MLS Listing,,Multi-Family (2-4 Unit),33 Central St,Somerville,MA,2143,1678000.0,6,3.5,Somerville,3090,4356.0,1900.0,4,543.0,,Active,,,http://www.redfin.com/MA/Somerville/33-Central-St-02143/home/8718951,MLS PIN,72214837,N,Y,42.3854653,-71.105214,10068000.0,5185020000.0
MLS Listing,,Multi-Family (2-4 Unit),13 Wiget St,Boston,MA,2113,1950000.0,5,4.0,North End,2584,1136.0,1899.0,17,755.0,,Active,,,http://www.redfin.com/MA/Boston/13-Wiget-St-02113/home/9278658,MLS PIN,72208197,N,Y,42.364129,-71.05619200000001,9750000.0,5038800000.0
MLS Listing,,Multi-Family (2-4 Unit),16 Fowler St,Boston,MA,2121,880000.0,11,3.0,Dorchester,4104,3704.0,1905.0,40,214.0,,Active,,,http://www.redfin.com/MA/Boston/16-Fowler-St-02121/home/9085988,MLS PIN,72196356,N,Y,42.300255299999996,-71.08342990000001,9680000.0,3611520000.0
MLS Listing,,Multi-Family (2-4 Unit),22 Normandy,Boston,MA,2121,875000.0,11,3.0,Dorchester's Grove Hall,4272,3528.0,1905.0,10,205.0,,Active,,,http://www.redfin.com/MA/Boston/22-Normandy-St-02121/home/9065012,MLS PIN,72212267,N,Y,42.311299,-71.077984,9625000.0,3738000000.0
MLS Listing,,Multi-Family (2-4 Unit),111 Falcon St,Boston,MA,2128,1200000.0,8,3.0,East Boston,2828,7086.0,1880.0,3,424.0,,Active,,,http://www.redfin.com/MA/Boston/111-Falcon-St-02128/home/9113553,MLS PIN,72215519,N,Y,42.3818197,-71.0347815,9600000.0,3393600000.0
MLS Listing,,Multi-Family (2-4 Unit),16 Surrey St,Cambridge,MA,2138,1895000.0,5,4.0,Riverside,2663,2579.0,1894.0,3,712.0,,Active,August-21-2017 11:30 AM,August-21-2017 01:00 PM,http://www.redfin.com/MA/Cambridge/16-Surrey-St-02138/home/11569578,MLS PIN,72215593,N,Y,42.368581,-71.11410500000001,9475000.0,5046385000.0
MLS Listing,,Multi-Family (5+ Unit),111-115 East St,North Attleboro,MA,2760,1049000.0,9,8.0,North Attleboro,5297,14394.0,1910.0,4,198.0,,Active,,,http://www.redfin.com/MA/North-Attleborough/115-East-St-02760/home/108300850,MLS PIN,72214658,N,Y,41.983946,-71.3305575,9441000.0,5556553000.0
MLS Listing,,Multi-Family (2-4 Unit),379-381 HUNNEWELL,Needham,MA,2494,1535000.0,6,4.0,Needham,5000,12632.0,1897.0,6,307.0,,Active,,,http://www.redfin.com/MA/Needham/381-Hunnewell-St-02494/home/112844290,MLS PIN,72213403,N,Y,42.2963466,-71.2371921,9210000.0,7675000000.0
MLS Listing,,Multi-Family (2-4 Unit),10 Montgomery Ave,Somerville,MA,2145,1125000.0,8,4.0,Somerville,3827,3100.0,1890.0,58,294.0,,Active,,,http://www.redfin.com/MA/Somerville/10-Montgomery-Ave-02145/home/8731236,MLS PIN,72188783,N,Y,42.3900199,-71.09029009999999,9000000.0,4305375000.0
MLS Listing,,Multi-Family (2-4 Unit),230 Brookline St,Cambridge,MA,2139,1499900.0,6,3.5,Cambridgeport,3435,2615.0,1905.0,5,437.0,,Active,August-21-2017 06:00 PM,August-21-2017 08:00 PM,http://www.redfin.com/MA/Cambridge/230-Brookline-St-02139/home/11559655,MLS PIN,72214256,N,Y,42.358313700000004,-71.10680409999999,8999400.0,5152156500.0
MLS Listing,,Multi-Family (2-4 Unit),47 Spencer Ave,Somerville,MA,2144,1499000.0,6,2.5,Davis Square,3408,3314.0,1900.0,31,440.0,,Active,,,http://www.redfin.com/MA/Somerville/47-Spencer-Ave-02144/home/8700765,MLS PIN,72201211,N,Y,42.3938241,-71.1138535,8994000.0,5108592000.0
MLS Listing,,Multi-Family (2-4 Unit),38-40 Harding Ave,Malden,MA,2148,899000.0,10,9.0,Malden,3375,3377.0,1900.0,70,266.0,,Active,,,http://www.redfin.com/MA/Malden/38-40-Harding-Ave-02148/home/11408990,MLS PIN,72180199,N,Y,42.4297771,-71.0576002,8990000.0,3034125000.0
MLS Listing,,Multi-Family (2-4 Unit),22 Anita Ter,Boston,MA,2119,1495500.0,6,3.0,Mission Hill,3147,1837.0,1900.0,10,475.0,,Active,,,http://www.redfin.com/MA/Boston/22-Anita-Ter-02119/home/9290114,MLS PIN,72212062,N,Y,42.3297761,-71.0945926,8973000.0,4706338500.0
MLS Listing,,Multi-Family (5+ Unit),296-300 BOWDOIN St,Boston,MA,2122,949000.0,9,3.5,Dorchester,5511,3497.0,1910.0,33,172.0,,Active,,,http://www.redfin.com/MA/Boston/296-300-Bowdoin-St-02125/home/9071949,MLS PIN,72199679,N,Y,42.3077348,-71.0656398,8541000.0,5229939000.0
MLS Listing,,Multi-Family (2-4 Unit),3 Annapolis St,Boston,MA,2125,1049900.0,8,4.0,Dorchester's Uphams Corner,3519,2711.0,1905.0,73,298.0,,Active,,,http://www.redfin.com/MA/Boston/3-Annapolis-St-02125/home/9064856,MLS PIN,72179219,N,Y,42.3172635,-71.0619252,8399200.0,3694598100.0
MLS Listing,,Multi-Family (2-4 Unit),27 Buttonwood St,Boston,MA,2125,1399000.0,6,3.0,Dorchester's Savin Hill,3873,1965.0,1905.0,11,361.0,,Active,,,http://www.redfin.com/MA/Boston/27-Buttonwood-St-02125/home/9064916,MLS PIN,72211305,N,Y,42.3199826,-71.055689,8394000.0,5418327000.0
MLS Listing,,Multi-Family (2-4 Unit),86-90-92 Winthrop St,Brockton,MA,2301,830000.0,10,5.0,Brockton,4975,15681.0,1890.0,40,167.0,,Active,,,http://www.redfin.com/MA/Brockton/92-Winthrop-St-02301/home/141675800,MLS PIN,72195993,N,Y,42.076111700000006,-71.023862,8300000.0,4129250000.0
MLS Listing,,Multi-Family (2-4 Unit),16 Normandy St,Boston,MA,2121,827000.0,10,3.0,Dorchester,4200,5007.0,1900.0,35,197.0,,Active,,,http://www.redfin.com/MA/Boston/16-Normandy-St-02121/home/9065015,MLS PIN,72198787,N,Y,42.31156,-71.0777498,8270000.0,3473400000.0
MLS Listing,,Multi-Family (2-4 Unit),95 Prentiss St,Somerville,MA,2143,1350000.0,6,2.5,Somerville,2344,2003.0,1890.0,18,576.0,,Active,,,http://www.redfin.com/MA/Somerville/95-Prentiss-St-02143/home/11795536,MLS PIN,72207480,N,Y,42.3845909,-71.1147203,8100000.0,3164400000.0
MLS Listing,,Multi-Family (2-4 Unit),123 Elm St,Somerville,MA,2144,1350000.0,6,2.0,Somerville,2276,2940.0,1900.0,18,593.0,,Active,,,http://www.redfin.com/MA/Somerville/123-Elm-St-02144/home/8701956,MLS PIN,72207466,N,Y,42.3905628,-71.1176262,8100000.0,3072600000.0
MLS Listing,,Multi-Family (2-4 Unit),95 -97 Ten Hills Rd,Somerville,MA,2144,1150000.0,7,3.0,Somerville,3424,3920.0,1920.0,19,336.0,,Active,,,http://www.redfin.com/MA/Somerville/97-Ten-Hills-Rd-02145/home/8719936,MLS PIN,72207090,N,Y,42.397926299999995,-71.0861767,8050000.0,3937600000.0
MLS Listing,,Multi-Family (2-4 Unit),37-39 Porter Rd,Cambridge,MA,2140,1600000.0,5,2.5,Porter Square,2277,2022.0,1894.0,18,703.0,,Active,,,http://www.redfin.com/MA/Cambridge/39-Porter-Rd-02140/home/11578744,MLS PIN,72207478,N,Y,42.389113099999996,-71.12100000000001,8000000.0,3643200000.0
MLS Listing,,Multi-Family (2-4 Unit),4 Jenison St,Newton,MA,2460,1595000.0,5,3.0,Newton,3792,6967.0,1915.0,11,421.0,,Active,,,http://www.redfin.com/MA/Newton/4-Jenison-St-02460/home/11421533,MLS PIN,72210963,N,Y,42.35654,-71.203952,7975000.0,6048240000.0
MLS Listing,,Multi-Family (2-4 Unit),6 Danny Rd,Boston,MA,2136,959000.0,8,3.0,Hyde Park's Readville,4053,8000.0,1910.0,6,237.0,,Active,,,http://www.redfin.com/MA/Boston/6-Danny-Rd-02136/home/9134192,MLS PIN,72213500,N,Y,42.240584000000005,-71.13624940000001,7672000.0,3886827000.0
MLS Listing,,Multi-Family (2-4 Unit),37-39 Wiltshire Rd,Boston,MA,2135,1259000.0,6,3.0,Brighton,3485,5904.0,1926.0,39,361.0,,Active,,,http://www.redfin.com/MA/Boston/39-Wiltshire-Rd-02135/home/9036159,MLS PIN,72196902,N,Y,42.3441994,-71.15534699999999,7554000.0,4387615000.0
MLS Listing,,Multi-Family (2-4 Unit),25 Mcbride St,Boston,MA,2130,1499000.0,5,3.0,Boston,2512,4000.0,1899.0,9,597.0,,Active,,,http://www.redfin.com/MA/Boston/25-McBride-St-02130/home/9150002,MLS PIN,72212667,N,Y,42.3058131,-71.11401219999999,7495000.0,3765488000.0
MLS Listing,,Multi-Family (2-4 Unit),10-12 Canal St,Winchester,MA,1890,1240000.0,6,4.0,Winchester,3071,11325.0,1907.0,11,404.0,,Active,,,http://www.redfin.com/MA/Winchester/12-Canal-St-01890/home/11454037,MLS PIN,72211461,N,Y,42.461743799999994,-71.1429936,7440000.0,3808040000.0
MLS Listing,,Multi-Family (5+ Unit),465 Revere Beach Blvd,Revere,MA,2151,1200000.0,6,5.0,Revere,3994,10710.0,1939.0,75,300.0,,Active,,,http://www.redfin.com/MA/Revere/465-Revere-Beach-Blvd-02151/home/9019906,MLS PIN,72177011,N,Y,42.42641210000001,-70.98170400000001,7200000.0,4792800000.0
MLS Listing,,Multi-Family (2-4 Unit),89 Wachusett St,Jamaica Plain,MA,2130,800000.0,9,4.0,Jamaica Plain,3515,,1900.0,10,228.0,,Active,,,http://www.redfin.com/MA/Boston/89-Wachusett-St-02130/home/9151761,LINK Boston,189333,N,Y,42.2951975,-71.1148808,7200000.0,2812000000.0
MLS Listing,,Multi-Family (2-4 Unit),5 Groom St,Boston,MA,2125,799000.0,9,3.0,Boston,3240,3040.0,1911.0,4,247.0,,Active,,,http://www.redfin.com/MA/Boston/5-Groom-St-02125/home/9064630,MLS PIN,72214910,N,Y,42.3203089,-71.0661702,7191000.0,2588760000.0
MLS Listing,,Multi-Family (2-4 Unit),189-191 Atlantic St,Quincy,MA,2171,879000.0,8,3.5,Quincy,3488,9930.0,1920.0,18,252.0,,Active,,,http://www.redfin.com/MA/Quincy/191-Atlantic-St-02171/home/143078211,MLS PIN,72207658,N,Y,42.2833294,-71.0271351,7032000.0,3065952000.0
MLS Listing,,Multi-Family (2-4 Unit),57 Walnut Park,Boston,MA,2119,878000.0,8,4.0,Roxbury,4770,10655.0,1890.0,1,184.0,,Active,,,http://www.redfin.com/MA/Boston/57-Walnut-Park-02119/home/9295843,MLS PIN,72216371,N,Y,42.3148783,-71.09579559999999,7024000.0,4188060000.0
MLS Listing,,Multi-Family (2-4 Unit),18 Haskell St,Beverly,MA,1915,869000.0,8,3.0,Beverly,4018,27400.0,1900.0,44,216.0,,Active,,,http://www.redfin.com/MA/Beverly/18-Haskell-St-01915/home/8222138,MLS PIN,72194586,N,Y,42.562733,-70.8206849,6952000.0,3491642000.0
MLS Listing,,Multi-Family (2-4 Unit),6 Deering Rd,Boston,MA,2126,749000.0,9,3.0,Mattapan,3623,4049.0,1900.0,51,207.0,,Active,,,http://www.redfin.com/MA/Boston/6-Deering-Rd-02126/home/9159363,MLS PIN,72191539,N,Y,42.283611799999996,-71.0923317,6741000.0,2713627000.0
MLS Listing,,Multi-Family (2-4 Unit),80 Vernal St,Everett,MA,2149,739000.0,9,3.0,Everett,3507,3781.0,1906.0,5,211.0,,Active,,,http://www.redfin.com/MA/Everett/80-Vernal-St-02149/home/8499729,MLS PIN,72214062,N,Y,42.415533399999994,-71.0532449,6651000.0,2591673000.0
MLS Listing,,Multi-Family (2-4 Unit),20-22 BROOKLINE St,Watertown,MA,2472,1100000.0,6,3.0,Watertown,2600,7670.0,1930.0,62,423.0,,Active,,,http://www.redfin.com/MA/Watertown/22-Brookline-St-02472/home/77532895,MLS PIN,72184347,N,Y,42.381803399999995,-71.19868309999998,6600000.0,2860000000.0
MLS Listing,,Multi-Family (2-4 Unit),24 Wigglesworth St,Somerville,MA,2145,1300000.0,5,3.0,Somerville,2294,1956.0,1900.0,3,567.0,,Active,,,http://www.redfin.com/MA/Somerville/24-Wigglesworth-St-02145/home/8731729,MLS PIN,72215079,N,Y,42.387947499999996,-71.09164840000001,6500000.0,2982200000.0
MLS Listing,,Multi-Family (5+ Unit),54 Longmeadow Rd,Taunton,MA,2780,650000.0,10,9.0,Taunton,5389,96671.0,1880.0,10,121.0,,Active,,,http://www.redfin.com/MA/Taunton/54-Longmeadow-Rd-02780/home/108430202,MLS PIN,72211667,N,Y,41.905592,-71.077834,6500000.0,3502850000.0
MLS Listing,,Multi-Family (2-4 Unit),81-83 orange St,Waltham,MA,2453,799900.0,8,3.0,Waltham,3384,11979.0,1890.0,2,236.0,,Active,August-21-2017 05:00 PM,August-21-2017 06:00 PM,http://www.redfin.com/MA/Waltham/83-Orange-St-02453/home/11681959,MLS PIN,72216138,N,Y,42.3634329,-71.2399473,6399200.0,2706861600.0
MLS Listing,,Multi-Family (5+ Unit),29 Church St,North Attleboro,MA,2760,695000.0,9,7.0,North Attleboro,4578,16350.0,1900.0,11,152.0,,Active,,,http://www.redfin.com/MA/North-Attleborough/29-Church-St-02760/home/16059198,MLS PIN,72210967,N,Y,41.9834424,-71.3337006,6255000.0,3181710000.0
MLS Listing,,Multi-Family (2-4 Unit),52 Medford St,Somerville,MA,2143,875000.0,7,3.0,Union Square,2525,1375.0,1900.0,25,347.0,,Active,,,http://www.redfin.com/MA/Somerville/52-Medford-St-02143/home/8738843,MLS PIN,72204352,N,Y,42.3750122,-71.08860920000001,6125000.0,2209375000.0
MLS Listing,,Multi-Family (2-4 Unit),92-94 Creeley Rd,Belmont,MA,2478,1220000.0,5,3.0,Belmont,3089,7154.0,1922.0,9,395.0,,Active,,,http://www.redfin.com/MA/Belmont/94-Creeley-Rd-02478/home/8432816,MLS PIN,72212397,N,Y,42.3852425,-71.17915579999999,6100000.0,3768580000.0
MLS Listing,,Multi-Family (2-4 Unit),51r Linden St,Boston,MA,2122,669999.0,9,3.0,Boston,2913,1836.0,1905.0,20,230.0,,Active,,,http://www.redfin.com/MA/Boston/51R-Linden-St-02122/unit-R/home/9087203,MLS PIN,72206304,N,Y,42.305959,-71.06026700000001,6029991.0,1951707087.0
MLS Listing,,Multi-Family (2-4 Unit),21 Essex St,Boston,MA,2129,1500000.0,4,4.0,Charlestown,2327,1004.0,,60,645.0,,Active,,,http://www.redfin.com/MA/Boston/21-Essex-St-02129/home/9058249,MLS PIN,72186918,N,Y,42.3792525,-71.0697327,6000000.0,3490500000.0
MLS Listing,,Multi-Family (2-4 Unit),34 Gardner St,Chelsea,MA,2150,999000.0,6,4.0,Chelsea,4644,3903.0,1920.0,62,215.0,,Active,,,http://www.redfin.com/MA/Chelsea/34-Gardner-St-02150/home/9013241,MLS PIN,72184668,N,Y,42.399133899999995,-71.0294536,5994000.0,4639356000.0
MLS Listing,,Multi-Family (2-4 Unit),25 Quincy St,Medford,MA,2155,999000.0,6,3.0,Medford,2715,4333.0,1900.0,28,368.0,,Active,,,http://www.redfin.com/MA/Medford/25-Quincy-St-02155/home/11794014,MLS PIN,72202385,N,Y,42.412836799999994,-71.12599449999999,5994000.0,2712285000.0
MLS Listing,,Multi-Family (2-4 Unit),16 - 18 Cudworth St,Medford,MA,2155,979900.0,6,2.0,Medford,4794,7270.0,1906.0,12,204.0,,Active,,,http://www.redfin.com/MA/Medford/18-Cudworth-St-02155/home/11792989,MLS PIN,72210585,N,Y,42.415986,-71.101455,5879400.0,4697640600.0
MLS Listing,,Multi-Family (2-4 Unit),9 Glen St,Boston,MA,2125,1467000.0,4,3.5,Boston,3392,3070.0,1927.0,17,432.0,,Active,,,http://www.redfin.com/MA/Boston/9-Glen-St-02125/home/9068364,MLS PIN,72208561,N,Y,42.3124924,-71.06711690000002,5868000.0,4976064000.0
MLS Listing,,Multi-Family (2-4 Unit),170-172 Essex St,Lynn,MA,1902,649900.0,9,3.0,Lynn,4395,4288.0,1900.0,11,148.0,,Active,,,http://www.redfin.com/MA/Lynn/170-172-Essex-St-01902/home/11564903,MLS PIN,72211220,N,Y,42.4721391,-70.93337679999999,5849100.0,2856310500.0
MLS Listing,,Multi-Family (2-4 Unit),161 Cushing St,Cambridge,MA,2138,1450000.0,4,2.5,Strawberry Hill,2478,5051.0,1925.0,18,585.0,,Active,,,http://www.redfin.com/MA/Cambridge/161-Cushing-St-02138/home/11593357,MLS PIN,72207472,N,Y,42.379276000000004,-71.15215490000001,5800000.0,3593100000.0
MLS Listing,,Multi-Family (2-4 Unit),74 Moreland St,Somerville,MA,2145,1150000.0,5,3.0,Winter Hill,3309,5325.0,1910.0,74,348.0,,Active,,,http://www.redfin.com/MA/Somerville/74-Moreland-St-02145/home/11795592,MLS PIN,72177548,N,Y,42.398516799999996,-71.0967253,5750000.0,3805350000.0
MLS Listing,,Multi-Family (2-4 Unit),354 Beale St,Quincy,MA,2170,958000.0,6,5.0,Quincy,3537,13243.0,1890.0,51,271.0,,Active,,,http://www.redfin.com/MA/Quincy/354-Beale-St-02170/home/8994642,MLS PIN,72191713,N,Y,42.260111,-71.02892890000001,5748000.0,3388446000.0
MLS Listing,,Multi-Family (2-4 Unit),7-9 YUILL Cir,Boston,MA,2136,950000.0,6,2.5,Hyde Park's Readville,2304,4000.0,1902.0,65,412.0,,Active,,,http://www.redfin.com/MA/Boston/9-Yuill-Cir-02136/home/124519035,MLS PIN,72183510,N,Y,42.237080799999994,-71.1308693,5700000.0,2188800000.0
MLS Listing,,Multi-Family (2-4 Unit),31 Glendale Rd,Sharon,MA,2067,799900.0,7,3.0,Sharon,4259,21920.0,1900.0,4,188.0,,Active,,,http://www.redfin.com/MA/Sharon/31-Glendale-Rd-02067/home/11830395,MLS PIN,72214701,N,Y,42.1255542,-71.17434240000001,5599300.0,3406774100.0
MLS Listing,,Multi-Family (2-4 Unit),19-21 Banks St,Waltham,MA,2451,695000.0,8,3.0,Waltham,2782,5000.0,1910.0,16,250.0,,Active,,,http://www.redfin.com/MA/Waltham/19-Banks-St-02451/home/11812423,MLS PIN,72208969,N,Y,42.376991,-71.249039,5560000.0,1933490000.0
MLS Listing,,Multi-Family (2-4 Unit),21 Rowell St,Boston,MA,2125,900000.0,6,3.0,Dorchester's Uphams Corner,3123,3117.0,1905.0,12,288.0,,Active,,,http://www.redfin.com/MA/Boston/21-Rowell-St-02125/home/9077272,MLS PIN,72210761,N,Y,42.3137309,-71.0642464,5400000.0,2810700000.0
MLS Listing,,Multi-Family (2-4 Unit),26 Arnold Rd,Quincy,MA,2171,899900.0,6,4.0,Quincy,2393,4500.0,1926.0,5,376.0,,Active,,,http://www.redfin.com/MA/Quincy/26-Arnold-Rd-02171/home/9001739,MLS PIN,72213774,N,Y,42.278682,-71.0189958,5399400.0,2153460700.0
MLS Listing,,Multi-Family (2-4 Unit),76-80 Clinton St,Chelsea,MA,2150,899900.0,6,5.0,Chelsea,3084,12278.0,1893.0,19,292.0,,Active,,,http://www.redfin.com/MA/Chelsea/80-Clinton-St-02150/home/9019031,MLS PIN,72206967,N,Y,42.402125,-71.015778,5399400.0,2775291600.0
MLS Listing,,Multi-Family (2-4 Unit),781 WINTHROP Ave,Revere,MA,2151,898900.0,6,4.0,Beachmont,3302,1949.0,1900.0,18,272.0,,Active,,,http://www.redfin.com/MA/Revere/781-Winthrop-Ave-02151/home/9003018,MLS PIN,72207399,N,Y,42.39572329999999,-70.98895,5393400.0,2968167800.0
MLS Listing,,Multi-Family (2-4 Unit),58 Harborview,Winthrop,MA,2152,750000.0,7,3.0,Winthrop,4005,3855.0,1900.0,9,187.0,,Active,,,http://www.redfin.com/MA/Winthrop/58-Harbor-View-Ave-02152/home/11511928,MLS PIN,72212499,N,Y,42.367653499999996,-70.9690651,5250000.0,3003750000.0
MLS Listing,,Multi-Family (2-4 Unit),92 Otis St,Medford,MA,2155,860000.0,6,4.5,Medford,4091,7000.0,1900.0,11,210.0,,Active,,,http://www.redfin.com/MA/Medford/92-Otis-St-02155/home/11790218,MLS PIN,72211440,N,Y,42.420415000000006,-71.096587,5160000.0,3518260000.0
MLS Listing,,Multi-Family (2-4 Unit),119 Jerome St,Medford,MA,2155,729900.0,7,2.0,West Medford,2650,7727.0,1910.0,26,275.0,,Active,,,http://www.redfin.com/MA/Medford/119-Jerome-St-02155/home/11792420,MLS PIN,72203555,N,Y,42.417082,-71.13623199999999,5109300.0,1934235000.0
MLS Listing,,Multi-Family (2-4 Unit),207 E Eagle St,Boston,MA,2128,849999.0,6,3.0,Boston,2835,1813.0,1900.0,38,300.0,,Active,,,http://www.redfin.com/MA/Boston/207-E-Eagle-St-02128/home/9113672,MLS PIN,72197573,N,Y,42.3812412,-71.03305759999999,5099994.0,2409747165.0
MLS Listing,,Multi-Family (5+ Unit),198-202 Harris St,Revere,MA,2151,849000.0,6,5.0,Revere,3245,7500.0,1940.0,13,262.0,,Active,,,http://www.redfin.com/MA/Revere/202-Harris-St-02151/home/66767415,MLS PIN,72210179,N,Y,42.410906,-71.003534,5094000.0,2755005000.0
MLS Listing,,Multi-Family (2-4 Unit),53 Telegraph St,Boston,MA,2127,849000.0,6,2.0,South Boston,2464,2137.0,1880.0,4,345.0,,Active,,,http://www.redfin.com/MA/Boston/53-Telegraph-St-02127/home/9195884,MLS PIN,72214724,N,Y,42.332767499999996,-71.0486888,5094000.0,2091936000.0
MLS Listing,,Multi-Family (2-4 Unit),45-47 Bowdoin St,Medford,MA,2155,989000.0,5,2.0,Medford,2444,3520.0,1920.0,3,405.0,,Active,,,http://www.redfin.com/MA/Medford/47-Bowdoin-St-02155/home/143320291,MLS PIN,72215330,N,Y,42.4063933,-71.110732,4945000.0,2417116000.0
MLS Listing,,Multi-Family (2-4 Unit),663 BELMONT St,Belmont,MA,2478,985000.0,5,3.0,Belmont,2669,5543.0,1924.0,9,369.0,,Active,,,http://www.redfin.com/MA/Belmont/663-Belmont-St-02478/home/8429454,MLS PIN,72212529,N,Y,42.3803894,-71.17956679999999,4925000.0,2628965000.0
MLS Listing,,Multi-Family (2-4 Unit),92-94 Harvard St,Medford,MA,2155,979000.0,5,2.0,Medford,2206,4050.0,1920.0,5,444.0,,Active,,,http://www.redfin.com/MA/Medford/94-Harvard-St-02155/home/143296759,MLS PIN,72214084,N,Y,42.405501,-71.10590040000001,4895000.0,2159674000.0
MLS Listing,,Multi-Family (2-4 Unit),2-4 Bentham Rd,Boston,MA,2122,699000.0,7,3.0,Boston,3016,3459.0,1905.0,69,232.0,,Active,,,http://www.redfin.com/MA/Boston/4-Bentham-Rd-02122/home/113251048,MLS PIN,72180525,N,Y,42.3033485,-71.0640499,4893000.0,2108184000.0
MLS Listing,,Multi-Family (2-4 Unit),17 ATLANTIC St,Lynn,MA,1902,689900.0,7,6.0,Diamond District,5528,9555.0,1859.0,5,125.0,,Active,,,http://www.redfin.com/MA/Lynn/17-Atlantic-St-01902/home/11569698,MLS PIN,72213799,N,Y,42.4635856,-70.93428809999999,4829300.0,3813767200.0
MLS Listing,,Multi-Family (2-4 Unit),202 Maplewood St,Watertown,MA,2472,800000.0,6,2.0,Watertown,2869,5100.0,1920.0,3,279.0,,Active,,,http://www.redfin.com/MA/Watertown/202-Maplewood-St-02472/home/11700810,MLS PIN,72215180,N,Y,42.3739806,-71.1667192,4800000.0,2295200000.0
MLS Listing,,Multi-Family (2-4 Unit),6-8 echo grove Ave,Lynn,MA,1905,599998.0,8,3.0,Lynn,3384,8000.0,1900.0,65,177.0,,Active,,,http://www.redfin.com/MA/Lynn/8-Echo-Grove-Ave-01905/home/124846314,MLS PIN,72183817,N,Y,42.460360200000004,-70.97828179999999,4799984.0,2030393232.0
MLS Listing,,Multi-Family (2-4 Unit),38 Burnett Rd,Revere,MA,2151,799974.0,6,4.0,Revere,4854,9163.0,1983.0,11,165.0,,Active,,,http://www.redfin.com/MA/Revere/38-Burnett-Rd-02151/home/9047245,MLS PIN,72210966,N,Y,42.4176561,-71.021399,4799844.0,3883073796.0
MLS Listing,,Multi-Family (2-4 Unit),2 Colonial,Newton,MA,2460,1199900.0,4,2.0,Newtonville,2500,6534.0,1929.0,38,480.0,,Active,,,http://www.redfin.com/MA/Newton/2-Colonial-Ave-02460/home/105630281,MLS PIN,72197910,N,Y,42.3636671,-71.2057871,4799600.0,2999750000.0
MLS Listing,,Multi-Family (2-4 Unit),90 Church St,Waltham,MA,2452,799900.0,6,2.5,Waltham,3678,10800.0,1780.0,25,217.0,,Active,,,http://www.redfin.com/MA/Waltham/90-Church-St-02452/home/11809154,MLS PIN,72204060,N,Y,42.3795232,-71.23354870000001,4799400.0,2942032200.0
MLS Listing,,Multi-Family (2-4 Unit),129 Bucknam St,Everett,MA,2149,799000.0,6,2.5,West Everett,2900,4343.0,1900.0,13,276.0,,Active,,,http://www.redfin.com/MA/Everett/129-Bucknam-St-02149/home/11379719,MLS PIN,72209765,N,Y,42.4125143,-71.0608311,4794000.0,2317100000.0
MLS Listing,,Multi-Family (2-4 Unit),34-36 Appleton Pl,Arlington,MA,2476,799000.0,6,4.0,Arlington,3375,6974.0,1972.0,3,237.0,,Active,,,http://www.redfin.com/MA/Arlington/34-36-Appleton-Pl-02476/home/23457648,MLS PIN,72215189,N,Y,42.421889,-71.17475300000001,4794000.0,2696625000.0
MLS Listing,,Multi-Family (2-4 Unit),2A Willow Ave,Salem,MA,1970,599000.0,8,3.0,Salem,3640,3375.0,1915.0,12,165.0,,Active,,,http://www.redfin.com/MA/Salem/2A-Willow-Ave-01970/home/140013747,MLS PIN,72210784,N,Y,42.5095982,-70.8906184,4792000.0,2180360000.0
MLS Listing,,Multi-Family (2-4 Unit),26 Sheafe St,Brookline,MA,2467,1195000.0,4,2.0,Brookline,2112,3144.0,1927.0,61,566.0,,Active,,,http://www.redfin.com/MA/Brookline/26-Sheafe-St-02467/home/11499453,MLS PIN,72185042,N,Y,42.3224411,-71.16462729999999,4780000.0,2523840000.0
MLS Listing,,Multi-Family (2-4 Unit),30 Clifton St,Cambridge,MA,2140,1190000.0,4,2.0,North Cambridge,2361,6000.0,1844.0,4,504.0,,Active,,,http://www.redfin.com/MA/Cambridge/30-Clifton-St-02140/home/11594287,MLS PIN,72214278,N,Y,42.3944965,-71.1364619,4760000.0,2809590000.0
MLS Listing,,Multi-Family (2-4 Unit),21 Cross St,Reading,MA,1867,789900.0,6,3.0,Reading,3056,100624.0,1900.0,9,258.0,,Active,,,http://www.redfin.com/MA/Reading/21-Cross-St-01867/home/8673851,MLS PIN,72212278,N,Y,42.512018,-71.10213,4739400.0,2413934400.0
MLS Listing,,Multi-Family (2-4 Unit),46 Richardson St,Wakefield,MA,1880,675000.0,7,3.0,Wakefield,2640,13144.0,1910.0,25,256.0,,Active,,,http://www.redfin.com/MA/Wakefield/46-Richardson-St-01880/home/8749863,MLS PIN,72203876,N,Y,42.4999387,-71.0646388,4725000.0,1782000000.0
MLS Listing,,Multi-Family (2-4 Unit),14 Hathaway St,Lynn,MA,1905,584000.0,8,3.0,Lynn,3738,3740.0,,58,156.0,,Active,,,http://www.redfin.com/MA/Lynn/14-Hathaway-St-01905/home/11582143,MLS PIN,72188492,N,Y,42.4570054,-70.9697886,4672000.0,2182992000.0
MLS Listing,,Multi-Family (2-4 Unit),6 Irene St,Burlington,MA,1803,925000.0,5,3.5,Burlington,4900,20000.0,1962.0,12,189.0,,Active,,,http://www.redfin.com/MA/Burlington/6-Irene-St-01803/home/11775051,MLS PIN,72210680,N,Y,42.533512,-71.210012,4625000.0,4532500000.0
MLS Listing,,Multi-Family (2-4 Unit),7 Carmel St,Chelsea,MA,2150,649900.0,7,3.0,Chelsea,3276,2700.0,1900.0,7,198.0,,Active,,,http://www.redfin.com/MA/Chelsea/7-Carmel-St-02150/home/9015241,MLS PIN,72213162,N,Y,42.400374400000004,-71.034028,4549300.0,2129072400.0
MLS Listing,,Multi-Family (2-4 Unit),79 Waldeck St,Boston,MA,2124,649000.0,7,2.5,Dorchester,2741,5050.0,1910.0,39,237.0,,Active,,,http://www.redfin.com/MA/Boston/79-Waldeck-St-02124/home/9065625,MLS PIN,72197133,N,Y,42.298353399999996,-71.06589090000001,4543000.0,1778909000.0
MLS Listing,,Multi-Family (2-4 Unit),2 Fernboro St,Boston,MA,2121,559900.0,8,3.0,Boston,2664,2426.0,1890.0,27,210.0,,Active,,,http://www.redfin.com/MA/Boston/2-Fernboro-St-02121/home/9065035,MLS PIN,72202693,N,Y,42.3114834,-71.07687709999999,4479200.0,1491573600.0
MLS Listing,,Multi-Family (2-4 Unit),17 Laurel Ter,Somerville,MA,2143,895000.0,5,2.5,Somerville,2323,2924.0,1900.0,12,385.0,,Active,,,http://www.redfin.com/MA/Somerville/17-Laurel-Ter-02143/home/8718651,MLS PIN,72210446,N,Y,42.3838445,-71.10379909999999,4475000.0,2079085000.0
MLS Listing,,Multi-Family (2-4 Unit),8 Park Rd,Winchester,MA,1890,895000.0,5,2.5,Winchester,3312,5490.0,1898.0,17,270.0,,Active,,,http://www.redfin.com/MA/Winchester/8-Park-Rd-01890/home/11441735,MLS PIN,72208133,N,Y,42.45814179999999,-71.1291144,4475000.0,2964240000.0
MLS Listing,,Multi-Family (2-4 Unit),110 Laurel St,Malden,MA,2148,729900.0,6,4.0,Maplewood,3490,11308.0,1910.0,43,209.0,,Active,,,http://www.redfin.com/MA/Malden/110-Laurel-St-02148/home/11418012,MLS PIN,72194857,N,Y,42.4328544,-71.04382070000001,4379400.0,2547351000.0
MLS Listing,,Multi-Family (2-4 Unit),50 Farwell St,Newton,MA,2460,1075000.0,4,4.5,Newtonville,3599,10245.0,1870.0,3,299.0,,Active,,,http://www.redfin.com/MA/Newton/50-Farwell-St-02460/home/11415896,MLS PIN,72215290,N,Y,42.3654902,-71.2161092,4300000.0,3868925000.0
MLS Listing,,Multi-Family (2-4 Unit),15-17 Melville Rd,Somerville,MA,2145,839900.0,5,2.0,Somerville,2283,4050.0,1920.0,3,368.0,,Active,August-22-2017 06:00 PM,August-22-2017 06:30 PM,http://www.redfin.com/MA/Somerville/17-Melville-Rd-02145/home/143320188,MLS PIN,72215315,N,Y,42.398481700000005,-71.08607959999999,4199500.0,1917491700.0
MLS Listing,,Multi-Family (2-4 Unit),77 Willow St,Waltham,MA,2453,699900.0,6,2.5,Waltham,4306,7350.0,1900.0,9,163.0,,Active,,,http://www.redfin.com/MA/Waltham/77-Willow-St-02453/home/11814414,MLS PIN,72212655,N,Y,42.374210999999995,-71.21860500000001,4199400.0,3013769400.0
MLS Listing,,Multi-Family (2-4 Unit),17 Blakeville St,Boston,MA,2121,599900.0,7,2.0,Boston,3091,4736.0,1910.0,18,194.0,,Active,,,http://www.redfin.com/MA/Boston/17-Blakeville-St-02121/home/11834160,MLS PIN,72207721,N,Y,42.304504200000004,-71.07055849999999,4199300.0,1854290900.0
MLS Listing,,Multi-Family (2-4 Unit),3 Grimes St,Boston,MA,2127,1041000.0,4,3.0,South Boston,2138,992.0,1890.0,9,487.0,,Active,,,http://www.redfin.com/MA/Boston/3-Grimes-St-02127/home/9195640,MLS PIN,72212746,N,Y,42.334231700000004,-71.0512839,4164000.0,2225658000.0
MLS Listing,,Multi-Family (2-4 Unit),444 Mountain,Revere,MA,2151,689900.0,6,5.0,Revere,3784,8000.0,1900.0,24,182.0,,Active,,,http://www.redfin.com/MA/Revere/444-Mountain-Ave-02151/home/9038549,MLS PIN,72204807,N,Y,42.415326,-71.02494399999999,4139400.0,2610581600.0
MLS Listing,,Multi-Family (2-4 Unit),17 Dunlap St,Salem,MA,1970,585000.0,7,3.0,Salem,3468,3650.0,1915.0,16,169.0,,Active,,,http://www.redfin.com/MA/Salem/17-Dunlap-St-01970/home/8381197,MLS PIN,72209088,N,Y,42.5249544,-70.9054292,4095000.0,2028780000.0
MLS Listing,,Multi-Family (2-4 Unit),66-68 Spring St,Cohasset,MA,2025,679000.0,6,2.0,Cohasset,3266,9158.0,1880.0,67,208.0,,Active,,,http://www.redfin.com/MA/Cohasset/68-Spring-St-02025/home/122925280,MLS PIN,72182356,N,Y,42.2361713,-70.7993324,4074000.0,2217614000.0
MLS Listing,,Multi-Family (2-4 Unit),74 Upham St,Malden,MA,2148,679000.0,6,3.0,Malden,3095,6375.0,1920.0,6,219.0,,Active,,,http://www.redfin.com/MA/Malden/74-Upham-St-02148/home/11409542,MLS PIN,72213379,N,Y,42.4243222,-71.0576427,4074000.0,2101505000.0
MLS Listing,,Multi-Family (2-4 Unit),1470-1472 Hyde Park Ave,Boston,MA,2136,675000.0,6,3.0,Boston,2716,5840.0,1910.0,31,249.0,,Active,,,http://www.redfin.com/MA/Boston/1472-Hyde-Park-Ave-02136/home/9131814,MLS PIN,72200885,N,Y,42.2483939,-71.1268633,4050000.0,1833300000.0
MLS Listing,,Multi-Family (2-4 Unit),173-175 South St,Plainville,MA,2762,675000.0,6,4.0,Plainville,2100,23077.0,1900.0,42,321.0,,Active,,,http://www.redfin.com/MA/Plainville/175-South-St-02762/home/8915063,MLS PIN,72194880,N,Y,42.008461,-71.3379121,4050000.0,1417500000.0
MLS Listing,,Multi-Family (2-4 Unit),24 Richmond St,Brockton,MA,2301,449900.0,9,3.0,Brockton,3942,6403.0,1908.0,4,114.0,,Active,,,http://www.redfin.com/MA/Brockton/24-Richmond-St-02301/home/16322495,MLS PIN,72214335,N,Y,42.096590899999995,-71.0229426,4049100.0,1773505800.0
MLS Listing,,Multi-Family (2-4 Unit),112 Marginal St,Boston,MA,2128,1000000.0,4,2.0,East Boston's Jeffries Point,2164,2856.0,1900.0,72,462.0,,Active,,,http://www.redfin.com/MA/Boston/112-Marginal-St-02128/home/11835291,MLS PIN,72179573,N,Y,42.3659523,-71.0369455,4000000.0,2164000000.0
MLS Listing,,Multi-Family (2-4 Unit),91 Riverview Rd,Boston,MA,2135,999999.0,4,2.5,Boston,3200,10169.0,1980.0,37,312.0,,Active,,,http://www.redfin.com/MA/Boston/91-Riverview-Rd-02135/home/11731875,MLS PIN,72198194,N,Y,42.3571295,-71.158101,3999996.0,3199996800.0
MLS Listing,,Multi-Family (2-4 Unit),46 Adams Ave,Everett,MA,2149,659900.0,6,3.0,Everett,2675,3376.0,1900.0,57,247.0,,Active,,,http://www.redfin.com/MA/Everett/46-Adams-Ave-02149/home/8530123,MLS PIN,72188974,N,Y,42.415020899999995,-71.0385656,3959400.0,1765232500.0
MLS Listing,,Multi-Family (2-4 Unit),14 Wilmore St,Boston,MA,2126,659900.0,6,3.0,Boston,3586,2709.0,1905.0,58,184.0,,Active,,,http://www.redfin.com/MA/Boston/14-Wilmore-St-02126/home/9154167,MLS PIN,72188708,N,Y,42.2781857,-71.0924941,3959400.0,2366401400.0
MLS Listing,,Multi-Family (2-4 Unit),79-81 Gardiner St,Lynn,MA,1905,659000.0,6,3.0,Lynn,3582,8946.0,1910.0,3,184.0,,Active,,,http://www.redfin.com/MA/Lynn/81-Gardiner-St-01905/home/11552755,MLS PIN,72215462,N,Y,42.4665771,-70.9772257,3954000.0,2360538000.0
MLS Listing,,Multi-Family (2-4 Unit),15 PASADENA Rd,Boston,MA,2121,650000.0,6,3.0,Dorchester,3767,5075.0,1927.0,45,173.0,,Active,,,http://www.redfin.com/MA/Boston/15-Pasadena-Rd-02121/home/9077498,MLS PIN,72193244,N,Y,42.3052881,-71.0823317,3900000.0,2448550000.0
MLS Listing,,Multi-Family (2-4 Unit),28-30 Taft St,Revere,MA,2151,650000.0,6,2.0,Revere,2870,3848.0,1920.0,30,226.0,,Active,,,http://www.redfin.com/MA/Revere/30-Taft-St-02151/home/142967290,MLS PIN,72201920,N,Y,42.404717299999994,-71.01508670000001,3900000.0,1865500000.0
MLS Listing,,Multi-Family (2-4 Unit),12 Seaview Ave,Malden,MA,2148,649900.0,6,2.5,Malden,3222,10000.0,1880.0,4,202.0,,Active,,,http://www.redfin.com/MA/Malden/12-Seaview-Ave-02148/home/11415392,MLS PIN,72214866,N,Y,42.4322187,-71.05403009999999,3899400.0,2093977800.0
MLS Listing,,Multi-Family (2-4 Unit),455-457 Granite St,Quincy,MA,2169,775000.0,5,3.0,Quincy,2976,9317.0,1900.0,38,260.0,,Active,,,http://www.redfin.com/MA/Quincy/457-Granite-St-02169/home/8964050,MLS PIN,72197950,N,Y,42.2400348,-71.0168962,3875000.0,2306400000.0
MLS Listing,,Multi-Family (2-4 Unit),133-135 Market St,Brockton,MA,2301,429900.0,9,3.0,Brockton,3690,5227.0,1885.0,14,117.0,,Active,,,http://www.redfin.com/MA/Brockton/133-Market-St-02301/home/16323829,MLS PIN,72209608,N,Y,42.061890000000005,-71.021378,3869100.0,1586331000.0
MLS Listing,,Multi-Family (2-4 Unit),101 STEEPLE St,Revere,MA,2151,639000.0,6,3.0,Revere,2929,4500.0,1960.0,1,218.0,,Active,,,http://www.redfin.com/MA/Revere/101-Steeple-St-02151/home/9054627,MLS PIN,72216194,N,Y,42.422768700000006,-71.0126357,3834000.0,1871631000.0
MLS Listing,,Multi-Family (2-4 Unit),130-132 Waverly St,Everett,MA,2149,629900.0,6,3.0,Everett,2735,2470.0,1910.0,33,230.0,,Active,,,http://www.redfin.com/MA/Everett/132-Waverly-St-02149/home/8506775,MLS PIN,72199618,N,Y,42.4123203,-71.0546593,3779400.0,1722776500.0
MLS Listing,,Multi-Family (2-4 Unit),117 Linwood Ave,Newton,MA,2460,939000.0,4,2.0,Newtonville,2362,4962.0,1910.0,60,398.0,,Active,,,http://www.redfin.com/MA/Newton/117-Linwood-Ave-02460/home/11413987,MLS PIN,72187257,N,Y,42.3625381,-71.204629,3756000.0,2217918000.0
MLS Listing,,Multi-Family (2-4 Unit),9-11 Gledhill Ave,Everett,MA,2149,619900.0,6,3.0,Everett,2483,2609.0,1898.0,3,250.0,,Active,,,http://www.redfin.com/MA/Everett/11-Gledhill-Ave-02149/home/8531174,MLS PIN,72215209,N,Y,42.416584,-71.046319,3719400.0,1539211700.0
MLS Listing,,Multi-Family (2-4 Unit),80 Boston Ave,Somerville,MA,2144,925000.0,4,2.0,Somerville,2220,2938.0,1920.0,8,417.0,,Active,,,http://www.redfin.com/MA/Somerville/80-Boston-Ave-02144/home/8698297,MLS PIN,72212916,N,Y,42.3970008,-71.109975,3700000.0,2053500000.0
MLS Listing,,Multi-Family (2-4 Unit),520 Saratoga St,Boston,MA,2128,739900.0,5,3.0,East Boston,1944,1082.0,1905.0,6,381.0,,Active,,,http://www.redfin.com/MA/Boston/520-Saratoga-St-02128/home/9114178,MLS PIN,72213435,N,Y,42.3806547,-71.0258973,3699500.0,1438365600.0
MLS Listing,,Multi-Family (2-4 Unit),23 Bennett St,Beverly,MA,1915,400000.0,9,3.5,Beverly,4113,2635.0,1900.0,41,97.0,,Active,,,http://www.redfin.com/MA/Beverly/23-Bennett-St-01915/home/8210350,MLS PIN,72195389,N,Y,42.557288799999995,-70.8821356,3600000.0,1645200000.0
MLS Listing,,Multi-Family (2-4 Unit),36 Ormond St,Boston,MA,2126,600000.0,6,3.5,Boston,3439,9210.0,1904.0,72,174.0,,Active,,,http://www.redfin.com/MA/Boston/36-Ormond-St-02126/home/9161141,MLS PIN,72179504,N,Y,42.281176,-71.09384320000001,3600000.0,2063400000.0
MLS Listing,,Multi-Family (2-4 Unit),15 Hathorn St,Somerville,MA,2145,899000.0,4,3.0,Somerville,2886,3010.0,1898.0,1,312.0,,Active,,,http://www.redfin.com/MA/Somerville/15-Hathorn-St-02145/home/8747679,MLS PIN,72216417,N,Y,42.386556299999995,-71.0822973,3596000.0,2594514000.0
MLS Listing,,Multi-Family (2-4 Unit),50 Trull St,Somerville,MA,2145,899000.0,4,2.0,Magoun Square,2338,3750.0,1910.0,9,385.0,,Active,,,http://www.redfin.com/MA/Somerville/50-Trull-St-02145/home/8709434,MLS PIN,72212443,N,Y,42.3947289,-71.1040535,3596000.0,2101862000.0
MLS Listing,,Multi-Family (2-4 Unit),141 Falcon St,Boston,MA,2128,599000.0,6,2.0,East Boston,2108,2187.0,1910.0,18,284.0,,Active,,,http://www.redfin.com/MA/Boston/141-Falcon-St-02128/home/9113755,MLS PIN,72207439,N,Y,42.381784,-71.033097,3594000.0,1262692000.0
MLS Listing,,Multi-Family (2-4 Unit),73 Stanwood,Boston,MA,2121,599000.0,6,3.5,Boston,2800,3920.0,1935.0,32,214.0,,Active,,,http://www.redfin.com/MA/Boston/73-Stanwood-St-02121/home/11504895,MLS PIN,72200696,N,Y,42.308376,-71.0791245,3594000.0,1677200000.0
MLS Listing,,Multi-Family (2-4 Unit),2 West St,Quincy,MA,2169,594500.0,6,2.0,South Quincy,2100,7312.0,1920.0,17,283.0,,Active,,,http://www.redfin.com/MA/Quincy/2-West-St-02169/home/8963843,MLS PIN,72208601,N,Y,42.242677,-71.0207258,3567000.0,1248450000.0
MLS Listing,,Multi-Family (2-4 Unit),121 Clarence Street 123,Everett,MA,2149,699900.0,5,2.0,Everett,2549,4051.0,1927.0,6,275.0,,Active,,,http://www.redfin.com/MA/Everett/121-Clarence-St-02149/home/143288921,MLS PIN,72213331,N,Y,42.411970399999994,-71.0447807,3499500.0,1784045100.0
MLS Listing,,Multi-Family (2-4 Unit),71 Grove St,Chelsea,MA,2150,499900.0,7,2.0,Chelsea,2582,3200.0,1900.0,4,194.0,,Active,,,http://www.redfin.com/MA/Chelsea/71-Grove-St-02150/home/9008579,MLS PIN,72214752,N,Y,42.3922023,-71.03032059999998,3499300.0,1290741800.0
MLS Listing,,Multi-Family (2-4 Unit),18 Winnemay St,Natick,MA,1760,699000.0,5,2.0,Natick,2470,6708.0,1900.0,12,283.0,,Active,,,http://www.redfin.com/MA/Natick/18-Winnemay-St-01760/home/11406790,MLS PIN,72210281,N,Y,42.2891374,-71.3494541,3495000.0,1726530000.0
MLS Listing,,Multi-Family (2-4 Unit),17 Union St,Natick,MA,1760,698000.0,5,2.0,Natick,2854,10019.0,1880.0,39,245.0,,Active,,,http://www.redfin.com/MA/Natick/17-Union-St-01760/home/11678225,MLS PIN,72196856,N,Y,42.283526200000004,-71.33890090000001,3490000.0,1992092000.0
MLS Listing,,Multi-Family (2-4 Unit),12 Autumn St,Everett,MA,2149,579000.0,6,2.0,Everett,1964,2901.0,1900.0,22,295.0,,Active,,,http://www.redfin.com/MA/Everett/12-Autumn-St-02149/home/8518263,MLS PIN,72205817,N,Y,42.406499700000005,-71.050186,3474000.0,1137156000.0
MLS Listing,,Multi-Family (2-4 Unit),3 Oliver Pl,Everett,MA,2149,579000.0,6,2.0,Everett,2296,7497.0,1900.0,68,252.0,,Active,,,http://www.redfin.com/MA/Everett/3-Oliver-Pl-02149/home/8518782,MLS PIN,72181096,N,Y,42.4064952,-71.0485845,3474000.0,1329384000.0
MLS Listing,,Multi-Family (2-4 Unit),23-25 Williams St,Waltham,MA,2453,579000.0,6,3.0,Waltham,3112,6687.0,1880.0,61,186.0,,Active,,,http://www.redfin.com/MA/Waltham/25-Williams-St-02453/home/11812847,MLS PIN,72185141,N,Y,42.3735223,-71.24258370000001,3474000.0,1801848000.0
MLS Listing,,Multi-Family (2-4 Unit),60-62 Harvard St,Everett,MA,2149,575000.0,6,3.0,Everett,2200,5149.0,1907.0,4,261.0,,Active,,,http://www.redfin.com/MA/Everett/62-Harvard-St-02149/home/140104586,MLS PIN,72214931,N,Y,42.4085696,-71.0405947,3450000.0,1265000000.0
MLS Listing,,Multi-Family (2-4 Unit),410 Loring Ave,Salem,MA,1970,570000.0,6,2.0,Salem,2590,6100.0,1929.0,4,220.0,,Active,,,http://www.redfin.com/MA/Salem/410-Loring-Ave-01970/home/8387166,MLS PIN,72214924,N,Y,42.4911686,-70.89548990000002,3420000.0,1476300000.0
MLS Listing,,Multi-Family (5+ Unit),21 -23 NELSON St,Quincy,MA,2169,849900.0,4,5.0,West Quincy,2808,9700.0,1915.0,66,303.0,,Active,,,http://www.redfin.com/MA/Quincy/23-Nelson-St-02169/home/123715919,MLS PIN,72182861,N,Y,42.2444669,-71.0186144,3399600.0,2386519200.0
MLS Listing,,Multi-Family (2-4 Unit),147 Springvale Ave,Everett,MA,2149,679900.0,5,2.0,Everett,2297,3184.0,1930.0,2,296.0,,Active,,,http://www.redfin.com/MA/Everett/147-Springvale-Ave-02149/home/8529278,MLS PIN,72215906,N,Y,42.411089000000004,-71.034851,3399500.0,1561730300.0
MLS Listing,,Multi-Family (2-4 Unit),68 Converse Ave,Malden,MA,2148,675000.0,5,2.0,Bell Rock,2788,8592.0,1900.0,4,242.0,,Active,,,http://www.redfin.com/MA/Malden/68-Converse-Ave-02148/home/11392215,MLS PIN,72214293,N,Y,42.41668789999999,-71.0686409,3375000.0,1881900000.0
MLS Listing,,Multi-Family (2-4 Unit),23 Bucklin St,North Attleboro,MA,2760,479900.0,7,3.0,North Attleboro,3397,18000.0,1900.0,19,141.0,,Active,,,http://www.redfin.com/MA/North-Attleborough/23-Bucklin-St-02760/home/16059555,MLS PIN,72206614,N,Y,41.9745477,-71.33704759999999,3359300.0,1630220300.0
MLS Listing,,Multi-Family (2-4 Unit),504 Warren St,Boston,MA,2121,665000.0,5,3.5,Boston,6000,5605.0,1900.0,6,111.0,,Active,,,http://www.redfin.com/MA/Boston/504-Warren-St-02121/home/9223931,MLS PIN,72213473,N,Y,42.3143719,-71.08342309999999,3325000.0,3990000000.0
MLS Listing,,Multi-Family (2-4 Unit),181 Henry Ave,Lynn,MA,1902,549900.0,6,2.0,Lynn,2488,5500.0,1910.0,38,221.0,,Active,,,http://www.redfin.com/MA/Lynn/181-Henry-Ave-01902/home/11575124,MLS PIN,72197453,N,Y,42.472976,-70.9517329,3299400.0,1368151200.0
MLS Listing,,Multi-Family (2-4 Unit),21 Middleton St,Boston,MA,2124,549900.0,6,2.0,Dorchester,2234,2444.0,1905.0,77,246.0,,Active,,,http://www.redfin.com/MA/Boston/21-Middleton-St-02124/home/9100977,MLS PIN,72175818,N,Y,42.283480700000005,-71.08647090000001,3299400.0,1228476600.0
MLS Listing,,Multi-Family (2-4 Unit),573 Lincoln Ave,Saugus,MA,1906,549900.0,6,2.0,Saugus,2574,6499.0,1920.0,24,214.0,,Active,,,http://www.redfin.com/MA/Saugus/573-Lincoln-Ave-01906/home/8365322,MLS PIN,72204404,N,Y,42.445957299999996,-71.01197590000001,3299400.0,1415442600.0
MLS Listing,,Multi-Family (2-4 Unit),43 Pleasant St,Quincy,MA,2169,649000.0,5,3.0,Quincy,2177,7437.0,1900.0,60,298.0,,Active,,,http://www.redfin.com/MA/Quincy/43-Pleasant-St-02169/home/11496683,MLS PIN,72186953,N,Y,42.242757399999995,-71.0071186,3245000.0,1412873000.0
MLS Listing,,Multi-Family (2-4 Unit),655 Cross St,Malden,MA,2148,649000.0,5,3.0,Malden,2296,2456.0,1900.0,37,283.0,,Active,,,http://www.redfin.com/MA/Malden/655-Cross-St-02148/home/11411340,MLS PIN,72198235,N,Y,42.4304352,-71.05429140000001,3245000.0,1490104000.0
MLS Listing,,Multi-Family (2-4 Unit),308-310 Water St,Quincy,MA,2169,799900.0,4,4.0,Quincy,3094,6468.0,1980.0,43,259.0,,Active,,,http://www.redfin.com/MA/Quincy/310-Water-St-02169/home/139915035,MLS PIN,72194756,N,Y,42.2413692,-71.0107555,3199600.0,2474890600.0
MLS Listing,,Multi-Family (2-4 Unit),21-21A Princess St,Wakefield,MA,1880,799900.0,4,3.5,Wakefield,3818,3536.0,1880.0,1,210.0,,Active,,,http://www.redfin.com/MA/Wakefield/21-Princess-St-01880/unit-21A/home/12428311,MLS PIN,72216414,N,Y,42.50385479999999,-71.0698318,3199600.0,3054018200.0
MLS Listing,,Multi-Family (2-4 Unit),155 Spruce St,Watertown,MA,2472,799900.0,4,3.0,Watertown,2693,5000.0,1925.0,2,297.0,,Active,,,http://www.redfin.com/MA/Watertown/155-Spruce-St-02472/home/11697796,MLS PIN,72215661,N,Y,42.3659771,-71.1675621,3199600.0,2154130700.0
MLS Listing,,Multi-Family (2-4 Unit),661 Cross St,Malden,MA,2148,639900.0,5,3.0,Malden,1902,2241.0,1900.0,18,336.0,,Active,,,http://www.redfin.com/MA/Malden/661-Cross-St-02148/home/11411346,MLS PIN,72207769,N,Y,42.430597999999996,-71.05433570000001,3199500.0,1217089800.0
MLS Listing,,Multi-Family (2-4 Unit),34 Bay St,Hull,MA,2045,399900.0,8,4.0,Sagamore Hill,2640,4187.0,1900.0,30,151.0,,Active,,,http://www.redfin.com/MA/Hull/34-Bay-St-02045/home/16366475,MLS PIN,72201980,N,Y,42.2722504,-70.86255849999999,3199200.0,1055736000.0
MLS Listing,,Multi-Family (2-4 Unit),420 Montello St,Brockton,MA,2301,399900.0,8,3.5,Brockton,2704,6621.0,1875.0,25,148.0,,Active,,,http://www.redfin.com/MA/Brockton/420-Montello-St-02301/home/16337445,MLS PIN,72204234,N,Y,42.077155299999994,-71.0169395,3199200.0,1081329600.0
MLS Listing,,Multi-Family (2-4 Unit),54 Crescent Ave,Malden,MA,2148,529900.0,6,2.0,Oak Grove,2873,5000.0,1865.0,13,184.0,,Active,,,http://www.redfin.com/MA/Malden/54-Crescent-Ave-02148/home/11393172,MLS PIN,72210146,N,Y,42.4320286,-71.0671783,3179400.0,1522402700.0
MLS Listing,,Multi-Family (2-4 Unit),27 W Tremlett,Boston,MA,2124,790000.0,4,3.0,Dorchester's Codman Square,1990,2500.0,2017.0,46,397.0,,Active,,,http://www.redfin.com/MA/Boston/27-W-Tremlett-St-02124/home/40001148,MLS PIN,72192855,N,Y,42.2944161,-71.07339549999999,3160000.0,1572100000.0
MLS Listing,,Multi-Family (2-4 Unit),17 Cottage St,Saugus,MA,1906,525000.0,6,3.0,Saugus,2762,5001.0,1910.0,5,190.0,,Active,,,http://www.redfin.com/MA/Saugus/17-Cottage-St-01906/home/8365509,MLS PIN,72214094,N,Y,42.4448576,-71.01154659999999,3150000.0,1450050000.0
MLS Listing,,Multi-Family (2-4 Unit),20 Wabon St,Boston,MA,2121,620000.0,5,2.5,Boston,2592,4577.0,1900.0,25,239.0,,Active,,,http://www.redfin.com/MA/Boston/20-Wabon-St-02121/home/9087608,MLS PIN,72204376,N,Y,42.314389500000004,-71.08592009999998,3100000.0,1607040000.0
MLS Listing,,Multi-Family (2-4 Unit),6 Magnolia St,Boston,MA,2125,619900.0,5,3.0,Boston,2207,1380.0,1920.0,18,281.0,,Active,,,http://www.redfin.com/MA/Boston/6-Magnolia-St-02125/home/9073514,MLS PIN,72207651,N,Y,42.318527,-71.069682,3099500.0,1368119300.0
MLS Listing,,Multi-Family (2-4 Unit),166 Fayette St,Lynn,MA,1902,515000.0,6,3.0,Lynn,2382,2797.0,1900.0,18,216.0,,Active,,,http://www.redfin.com/MA/Lynn/166-Fayette-St-01902/home/11563379,MLS PIN,72207728,N,Y,42.4721654,-70.9389519,3090000.0,1226730000.0
MLS Listing,,Multi-Family (2-4 Unit),30 Marie Ave,Everett,MA,2149,615000.0,5,3.0,Everett,2495,3245.0,1900.0,13,246.0,,Active,,,http://www.redfin.com/MA/Everett/30-Marie-Ave-02149/home/8495529,MLS PIN,72210067,N,Y,42.4169531,-71.0483388,3075000.0,1534425000.0
MLS Listing,,Multi-Family (2-4 Unit),42 James St,Attleboro,MA,2703,339000.0,9,3.0,Attleboro,3210,2701.0,1900.0,1,106.0,,Active,,,http://www.redfin.com/MA/Attleboro/42-James-St-02703/home/15972616,MLS PIN,72216491,N,Y,41.938109999999995,-71.2793301,3051000.0,1088190000.0
MLS Listing,,Multi-Family (2-4 Unit),378 Summer St,Lynn,MA,1905,429900.0,7,3.0,Lynn,3019,5894.0,1780.0,57,142.0,,Active,,,http://www.redfin.com/MA/Lynn/378-Summer-St-01905/home/11580841,MLS PIN,72188961,N,Y,42.459811,-70.96178,3009300.0,1297868100.0
MLS Listing,,Multi-Family (2-4 Unit),26 Riverview Ave,Brockton,MA,2302,375000.0,8,3.0,Brockton,7187,7187.0,1900.0,2,52.0,,Active,,,http://www.redfin.com/MA/Brockton/26-Riverview-St-02302/home/16316888,MLS PIN,72215900,N,Y,42.0646718,-71.0090381,3000000.0,2695125000.0
MLS Listing,,Multi-Family (2-4 Unit),54 Ferdinand St,Melrose,MA,2176,749900.0,4,3.0,Melrose,2626,12000.0,1900.0,19,286.0,,Active,,,http://www.redfin.com/MA/Melrose/54-Ferdinand-St-02176/home/11786642,MLS PIN,72207040,N,Y,42.4719551,-71.07726729999999,2999600.0,1969237400.0
MLS Listing,,Multi-Family (2-4 Unit),64 Thacher St,Malden,MA,2148,599900.0,5,3.0,Malden,2119,4211.0,1865.0,3,283.0,,Active,,,http://www.redfin.com/MA/Malden/64-Thacher-St-02148/home/11387800,MLS PIN,72215024,N,Y,42.420248,-71.08052159999998,2999500.0,1271188100.0
MLS Listing,,Multi-Family (2-4 Unit),533 Summer Ave,Reading,MA,1867,599900.0,5,2.5,Reading,2462,29500.0,1916.0,18,244.0,,Active,,,http://www.redfin.com/MA/Reading/533-Summer-Ave-01867/home/8671018,MLS PIN,72207492,N,Y,42.5102446,-71.1017327,2999500.0,1476953800.0
MLS Listing,,Multi-Family (2-4 Unit),308 South Ave,Whitman,MA,2382,499900.0,6,3.0,Whitman,2969,13051.0,1860.0,5,168.0,,Active,,,http://www.redfin.com/MA/Whitman/308-South-Ave-02382/home/16456360,MLS PIN,72213990,N,Y,42.082343200000004,-70.9266145,2999400.0,1484203100.0
MLS Listing,,Multi-Family (2-4 Unit),83 Summit St,Rockland,MA,2370,499900.0,6,4.0,Rockland,2438,14244.0,1860.0,41,205.0,,Active,,,http://www.redfin.com/MA/Rockland/83-Summit-St-02370/home/14811986,MLS PIN,72195168,N,Y,42.1400578,-70.9161854,2999400.0,1218756200.0
MLS Listing,,Multi-Family (2-4 Unit),17-19 Gage St,Beverly,MA,1915,499900.0,6,3.0,Beverly,2802,6650.0,1900.0,12,178.0,,Active,,,http://www.redfin.com/MA/Beverly/19-Gage-St-01915/home/11284991,MLS PIN,72210682,N,Y,42.557085,-70.88391750000001,2999400.0,1400719800.0
MLS Listing,,Multi-Family (2-4 Unit),101 Evans St,Boston,MA,2124,499900.0,6,3.0,Dorchester,3221,3049.0,1910.0,5,155.0,,Active,,,http://www.redfin.com/MA/Boston/101-Evans-St-02124/home/9084758,MLS PIN,72214167,Y,Y,42.2821109,-71.0821843,2999400.0,1610177900.0
MLS Listing,,Multi-Family (2-4 Unit),118 Elm St,Everett,MA,2149,599000.0,5,2.0,Everett,2154,3350.0,1900.0,3,278.0,,Active,August-21-2017 05:00 PM,August-21-2017 07:00 PM,http://www.redfin.com/MA/Everett/118-Elm-St-02149/home/8530760,MLS PIN,72215618,N,Y,42.41347329999999,-71.042117,2995000.0,1290246000.0
MLS Listing,,Multi-Family (2-4 Unit),52 Humphreys St,Boston,MA,2125,599000.0,5,3.0,Dorchester,3827,4137.0,1900.0,9,157.0,,Active,,,http://www.redfin.com/MA/Boston/52-Humphreys-St-02125/home/11833872,MLS PIN,72212614,N,Y,42.318774299999994,-71.0672515,2995000.0,2292373000.0
MLS Listing,,Multi-Family (2-4 Unit),19-21 Washburn,Weymouth,MA,2188,499000.0,6,2.5,Jackson Square,2854,9147.0,1868.0,4,175.0,,Active,,,http://www.redfin.com/MA/Weymouth/21-Washburn-St-02189/home/11519353,MLS PIN,72214765,N,Y,42.214278799999995,-70.92659029999999,2994000.0,1424146000.0
MLS Listing,,Multi-Family (2-4 Unit),43 Rossetter St,Boston,MA,2124,499000.0,6,2.5,Boston,2236,3736.0,1905.0,53,223.0,,Active,,,http://www.redfin.com/MA/Boston/43-Rosseter-St-02121/home/9074980,MLS PIN,72190562,N,Y,42.303861,-71.0754864,2994000.0,1115764000.0
MLS Listing,,Multi-Family (2-4 Unit),23 Holbrook Ave,Brockton,MA,2301,489900.0,6,3.0,Brockton,3000,7405.0,1872.0,61,163.0,,Active,,,http://www.redfin.com/MA/Brockton/23-Holbrook-Ave-02301/home/16322328,MLS PIN,72184956,N,Y,42.1007353,-71.02337800000001,2939400.0,1469700000.0
MLS Listing,,Multi-Family (2-4 Unit),27 Whitney Ave,Beverly,MA,1915,489000.0,6,2.0,Beverly,2600,4829.0,1910.0,6,188.0,,Active,,,http://www.redfin.com/MA/Beverly/27-Whitney-Ave-01915/home/8212053,MLS PIN,72213680,N,Y,42.557713299999996,-70.8758213,2934000.0,1271400000.0
MLS Listing,,Multi-Family (2-4 Unit),84-86 Park Ave,Whitman,MA,2382,579900.0,5,3.0,Whitman,3038,14340.0,1900.0,59,191.0,,Active,,,http://www.redfin.com/MA/Whitman/86-Park-Ave-02382/home/130148815,MLS PIN,72188186,N,Y,42.0836754,-70.9351777,2899500.0,1761736200.0
MLS Listing,,Multi-Family (2-4 Unit),12 Mall St,Salem,MA,1970,479999.0,6,4.0,Salem,2821,4104.0,1800.0,29,170.0,,Active,August-21-2017 01:00 PM,August-21-2017 02:00 PM,http://www.redfin.com/MA/Salem/12-Mall-St-01970/home/8397317,MLS PIN,72202202,N,Y,42.525311200000004,-70.89127359999999,2879994.0,1354077179.0
MLS Listing,,Multi-Family (2-4 Unit),549-551 Broad St,Weymouth,MA,2189,479900.0,6,2.5,East Weymouth,2160,5793.0,1868.0,69,222.0,,Active,,,http://www.redfin.com/MA/Weymouth/551-Broad-St-02189/home/120734106,MLS PIN,72180806,N,Y,42.217572100000005,-70.9372551,2879400.0,1036584000.0
MLS Listing,,Multi-Family (2-4 Unit),6-8 Codman St,Boston,MA,2124,569900.0,5,2.0,Dorchester,2464,8401.0,1920.0,61,231.0,,Active,,,http://www.redfin.com/MA/Boston/8-Codman-St-02124/home/17545446,MLS PIN,72185357,N,Y,42.2784493,-71.07431159999999,2849500.0,1404233600.0
MLS Listing,,Multi-Family (2-4 Unit),4 Friend Ter,Lynn,MA,1902,399900.0,7,2.0,Lynn,2818,3450.0,1900.0,4,142.0,,Active,,,http://www.redfin.com/MA/Lynn/4-Friend-Ter-01902/home/11571420,MLS PIN,72214709,N,Y,42.4644617,-70.93966280000001,2799300.0,1126918200.0
MLS Listing,,Multi-Family (2-4 Unit),97 Jefferson St,Lynn,MA,1902,349900.0,8,2.0,Lynn,2908,4162.0,1900.0,7,120.0,,Active,August-21-2017 05:30 PM,August-21-2017 07:00 PM,http://www.redfin.com/MA/Lynn/97-Jefferson-St-01902/home/11576644,MLS PIN,72213121,N,Y,42.471402399999995,-70.9453817,2799200.0,1017509200.0
MLS Listing,,Multi-Family (2-4 Unit),70 Endicott St,Quincy,MA,2169,699000.0,4,4.0,Quincy,2520,6600.0,1930.0,19,277.0,,Active,,,http://www.redfin.com/MA/Quincy/70-Endicott-St-02169/home/8953716,MLS PIN,72206733,N,Y,42.237945,-71.0007245,2796000.0,1761480000.0
MLS Listing,,Multi-Family (2-4 Unit),24-26 Charnock,Beverly,MA,1915,559000.0,5,2.0,Beverly,2360,6132.0,1887.0,55,237.0,,Active,,,http://www.redfin.com/MA/Beverly/26-Charnock-St-01915/home/133394667,MLS PIN,72189404,N,Y,42.5519492,-70.876264,2795000.0,1319240000.0
MLS Listing,,Multi-Family (2-4 Unit),68 Rand St,Revere,MA,2151,549900.0,5,2.0,Revere,2042,4000.0,1983.0,17,269.0,,Active,,,http://www.redfin.com/MA/Revere/68-Rand-St-02151/home/11509299,MLS PIN,72208659,N,Y,42.4161685,-71.03038690000001,2749500.0,1122895800.0
MLS Listing,,Multi-Family (2-4 Unit),225 Main St,Everett,MA,2149,549900.0,5,3.0,Everett,2850,2317.0,1900.0,20,193.0,,Active,,,http://www.redfin.com/MA/Everett/225-Main-St-02149/home/11592385,MLS PIN,72206330,N,Y,42.408623399999996,-71.0620395,2749500.0,1567215000.0
MLS Listing,,Multi-Family (2-4 Unit),130-132 Elm St,Everett,MA,2149,549000.0,5,3.0,Everett,2144,3054.0,1923.0,11,256.0,,Active,,,http://www.redfin.com/MA/Everett/132-Elm-St-02149/home/143181423,MLS PIN,72211250,N,Y,42.413355100000004,-71.04169559999998,2745000.0,1177056000.0
MLS Listing,,Multi-Family (2-4 Unit),58-60 Sherman Rd,Dedham,MA,2026,679900.0,4,3.0,Dedham,2712,11166.0,1915.0,53,251.0,,Active,,,http://www.redfin.com/MA/Dedham/60-Sherman-Rd-02026/home/8875053,MLS PIN,72190505,N,Y,42.228541,-71.140553,2719600.0,1843888800.0
MLS Listing,,Multi-Family (2-4 Unit),41-43 Grossman St,Quincy,MA,2169,535000.0,5,2.0,Quincy,1774,4102.0,1925.0,41,302.0,,Active,,,http://www.redfin.com/MA/Quincy/43-Grossman-St-02169/home/140314123,MLS PIN,72195653,N,Y,42.240644700000004,-71.0144376,2675000.0,949090000.0
MLS Listing,,Multi-Family (2-4 Unit),2 Marianna St,Lynn,MA,1902,529900.0,5,4.0,East Lynn,2523,2700.0,1920.0,17,210.0,,Active,,,http://www.redfin.com/MA/Lynn/2-Marianna-St-01902/home/11563174,MLS PIN,72208546,N,Y,42.4735731,-70.939576,2649500.0,1336937700.0
MLS Listing,,Multi-Family (2-4 Unit),131-133 Empire St,Lynn,MA,1902,439900.0,6,3.0,Lynn,2594,4583.0,1900.0,3,170.0,,Active,,,http://www.redfin.com/MA/Lynn/131-Empire-St-01902/home/11561623,MLS PIN,72215333,N,Y,42.4757729,-70.931678,2639400.0,1141100600.0
MLS Listing,,Multi-Family (2-4 Unit),183 Washington St,Whitman,MA,2382,376900.0,7,2.0,Whitman,2676,10515.0,1900.0,24,141.0,,Active,,,http://www.redfin.com/MA/Whitman/183-Washington-St-02382/home/16454103,MLS PIN,72204833,N,Y,42.071143400000004,-70.93078100000001,2638300.0,1008584400.0
MLS Listing,,Multi-Family (2-4 Unit),80 Conant St,Revere,MA,2151,655995.0,4,2.5,Revere,2607,6882.0,1975.0,45,252.0,,Active,,,http://www.redfin.com/MA/Revere/80-Conant-St-02151/home/9044992,MLS PIN,72193860,N,Y,42.4196664,-71.01372909999999,2623980.0,1710178965.0
MLS Listing,,Multi-Family (2-4 Unit),806 Warren Ave,Brockton,MA,2301,435000.0,6,2.0,Brockton,2836,7187.0,1925.0,15,153.0,,Active,,,http://www.redfin.com/MA/Brockton/806-Warren-Ave-02301/home/16322737,MLS PIN,72209452,N,Y,42.069439200000005,-71.0204907,2610000.0,1233660000.0
MLS Listing,,Multi-Family (2-4 Unit),31 Quincy St,Quincy,MA,2169,649900.0,4,2.0,South Quincy,2400,8365.0,1890.0,60,271.0,,Active,,,http://www.redfin.com/MA/Quincy/31-Quincy-St-02169/home/8958735,MLS PIN,72186978,N,Y,42.2424995,-71.0063654,2599600.0,1559760000.0
MLS Listing,,Multi-Family (2-4 Unit),106 Brook Rd,Milton,MA,2186,649000.0,4,2.0,Milton,2354,4490.0,1920.0,58,276.0,,Active,,,http://www.redfin.com/MA/Milton/106-Brook-Rd-02186/home/8898530,MLS PIN,72188481,N,Y,42.2623834,-71.09426540000001,2596000.0,1527746000.0
MLS Listing,,Multi-Family (2-4 Unit),17 Nazing St,Boston,MA,2121,519000.0,5,2.5,Dorchester,2592,,1935.0,6,200.0,,Active,,,http://www.redfin.com/MA/Boston/17-Nazing-St-02121/home/143291712,MLS PIN,72213593,N,Y,42.3065594,-71.0854374,2595000.0,1345248000.0
MLS Listing,,Multi-Family (5+ Unit),499-Lot2 Thacher St,Attleboro,MA,2703,425000.0,6,3.0,Attleboro,4021,69223.0,1900.0,62,106.0,,Active,,,http://www.redfin.com/MA/Attleboro/499-Thacher-St-02703/home/15973061,MLS PIN,72184682,Y,Y,41.9344324,-71.30468520000001,2550000.0,1708925000.0
MLS Listing,,Multi-Family (2-4 Unit),357 Essex St,Lynn,MA,1902,419900.0,6,2.5,Lynn,2479,2552.0,1900.0,16,169.0,,Active,,,http://www.redfin.com/MA/Lynn/357-Essex-St-01902/home/11326184,MLS PIN,72209167,N,Y,42.4697802,-70.9408954,2519400.0,1040932100.0
MLS Listing,,Multi-Family (2-4 Unit),12 Bay View Ave,Danvers,MA,1923,625000.0,4,2.0,Danvers,2100,4541.0,1897.0,13,298.0,,Active,,,http://www.redfin.com/MA/Danvers/12-Bayview-Ave-01923/home/11296135,MLS PIN,72210126,N,Y,42.5625549,-70.93137890000001,2500000.0,1312500000.0
MLS Listing,,Multi-Family (2-4 Unit),7-7R Beacon St,Woburn,MA,1801,499900.0,5,3.0,Woburn,2314,,1840.0,17,216.0,,Active,,,http://www.redfin.com/MA/Woburn/7-Beacon-St-01801/home/11815931,MLS PIN,72208139,N,Y,42.476495899999996,-71.1584012,2499500.0,1156768600.0
MLS Listing,,Multi-Family (2-4 Unit),15 Chisholm Ave,Brockton,MA,2301,499000.0,5,4.0,Brockton,3000,7187.0,1925.0,32,166.0,,Active,,,http://www.redfin.com/MA/Brockton/15-Chisholm-Ave-02302/home/16326296,MLS PIN,72200429,N,Y,42.112057799999995,-71.02299040000001,2495000.0,1497000000.0
MLS Listing,,Multi-Family (2-4 Unit),61-R Warren Ave,Woburn,MA,1801,495000.0,5,2.0,Woburn,1908,9946.0,1920.0,37,259.0,,Active,,,http://www.redfin.com/MA/Woburn/61R-Warren-Ave-01801/home/142504295,MLS PIN,72198320,N,Y,42.4730689,-71.1512896,2475000.0,944460000.0
MLS Listing,,Multi-Family (2-4 Unit),74 Huntington St,Brockton,MA,2301,409000.0,6,2.0,Brockton,1814,,1893.0,5,225.0,,Active,,,http://www.redfin.com/MA/Brockton/74-Huntington-St-02301/home/16323080,MLS PIN,72213721,N,Y,42.0927959,-71.0229287,2454000.0,741926000.0
MLS Listing,,Multi-Family (2-4 Unit),575 Pearl St,Brockton,MA,2301,489900.0,5,2.0,Brockton,3000,7187.0,1872.0,10,163.0,,Active,,,http://www.redfin.com/MA/Brockton/575-Pearl-St-02301/home/16336356,MLS PIN,72211621,N,Y,42.069421999999996,-71.065105,2449500.0,1469700000.0
MLS Listing,,Multi-Family (2-4 Unit),36-38 Murdock Ave,Quincy,MA,2169,609900.0,4,2.0,Quincy,1960,4569.0,1905.0,41,311.0,,Active,,,http://www.redfin.com/MA/Quincy/38-Murdock-Ave-02169/home/113251344,MLS PIN,72195357,N,Y,42.247553700000005,-70.98464190000001,2439600.0,1195404000.0
MLS Listing,,Multi-Family (2-4 Unit),64 Brush Hill Rd,Milton,MA,2186,600000.0,4,2.0,Blue Hills,2805,5762.0,1920.0,21,214.0,,Active,,,http://www.redfin.com/MA/Milton/64-Brush-Hill-Rd-02186/home/11826893,MLS PIN,72205851,N,Y,42.263065000000005,-71.09630779999999,2400000.0,1683000000.0
MLS Listing,,Multi-Family (2-4 Unit),59 Linden St,Whitman,MA,2382,479900.0,5,3.0,Whitman,3000,8250.0,1895.0,60,160.0,,Active,,,http://www.redfin.com/MA/Whitman/59-Linden-St-02382/home/16456501,MLS PIN,72186913,N,Y,42.0794395,-70.92945040000001,2399500.0,1439700000.0
MLS Listing,,Multi-Family (2-4 Unit),362 Shirley St,Winthrop,MA,2152,479900.0,5,2.0,Winthrop,1800,2210.0,1920.0,10,267.0,,Active,,,http://www.redfin.com/MA/Winthrop/362-Shirley-St-02152/home/11515640,MLS PIN,72211712,N,Y,42.3754674,-70.97312070000001,2399500.0,863820000.0
MLS Listing,,Multi-Family (2-4 Unit),154 Spruce St,Abington,MA,2351,479900.0,5,2.0,North Abington,2337,7500.0,1930.0,7,205.0,,Active,,,http://www.redfin.com/MA/Abington/154-Spruce-St-02351/home/143283854,MLS PIN,72213164,N,Y,42.136174100000005,-70.9353384,2399500.0,1121526300.0
MLS Listing,,Multi-Family (2-4 Unit),3 Mill St,Middleboro,MA,2346,399900.0,6,2.0,Middleboro,2439,60011.0,1852.0,6,164.0,,Active,,,http://www.redfin.com/MA/Middleborough/3-Mill-St-02346/home/16400304,MLS PIN,72213656,N,Y,41.904067700000006,-70.9722247,2399400.0,975356100.0
MLS Listing,,Multi-Family (2-4 Unit),722 Highland Ave,Malden,MA,2148,599000.0,4,3.0,Malden,2013,7320.0,1880.0,2,298.0,,Active,August-22-2017 05:00 PM,August-22-2017 07:00 PM,http://www.redfin.com/MA/Malden/722-Highland-Ave-02148/home/11398266,MLS PIN,72216135,N,Y,42.435722,-71.085992,2396000.0,1205787000.0
MLS Listing,,Multi-Family (2-4 Unit),53 Silver St,Quincy,MA,2169,598000.0,4,2.0,Quincy Point,1682,7751.0,1890.0,73,356.0,,Active,,,http://www.redfin.com/MA/Quincy/53-Silver-St-02169/home/8939008,MLS PIN,72179283,N,Y,42.2504093,-70.9806436,2392000.0,1005836000.0
MLS Listing,,Multi-Family (2-4 Unit),193 Broad St,North Attleboro,MA,2760,475000.0,5,3.0,North Attleboro,2382,5039.0,1900.0,5,199.0,,Active,,,http://www.redfin.com/MA/North-Attleborough/193-Broad-St-02760/home/16059095,MLS PIN,72214183,N,Y,41.9909615,-71.3321248,2375000.0,1131450000.0
MLS Listing,,Multi-Family (2-4 Unit),85-87 Town Hill St,Quincy,MA,2169,395000.0,6,2.0,Quincy,1078,5876.0,1930.0,11,366.0,,Active,,,http://www.redfin.com/MA/Quincy/87-Town-Hill-St-02169/home/143185304,MLS PIN,72211541,N,Y,42.2422575,-71.0193694,2370000.0,425810000.0
MLS Listing,,Multi-Family (2-4 Unit),45 Lincoln,Malden,MA,2148,579900.0,4,2.0,Malden,1974,7288.0,1880.0,78,294.0,,Active,,,http://www.redfin.com/MA/Malden/45-Lincoln-St-02148/home/11400090,MLS PIN,72175577,N,Y,42.431168,-71.07318719999999,2319600.0,1144722600.0
MLS Listing,,Multi-Family (2-4 Unit),227 East St,North Attleboro,MA,2760,329900.0,7,3.0,North Attleboro,2896,7135.0,1900.0,20,114.0,,Active,,,http://www.redfin.com/MA/North-Attleborough/227-East-St-02760/home/140192823,RIS,1169426,Y,Y,41.9877577,-71.3306639,2309300.0,955390400.0
MLS Listing,,Multi-Family (2-4 Unit),15 Currier,Swampscott,MA,1907,575000.0,4,3.0,Swampscott,2400,7200.0,2005.0,20,240.0,,Active,,,http://www.redfin.com/MA/Swampscott/15-Currier-01907/home/143058724,MLS PIN,72206205,N,Y,42.4724446,-70.9011786,2300000.0,1380000000.0
MLS Listing,,Multi-Family (2-4 Unit),17 Ashton St,Everett,MA,2149,574900.0,4,2.0,Everett,1988,6730.0,1900.0,34,289.0,,Active,,,http://www.redfin.com/MA/Everett/17-Ashton-St-02149/home/8496145,MLS PIN,72199309,N,Y,42.419843,-71.052995,2299600.0,1142901200.0
MLS Listing,,Multi-Family (2-4 Unit),237-239 Wessagussett Rd,Weymouth,MA,2191,766000.0,3,2.0,Weymouth,2189,3180.0,1908.0,44,350.0,,Active,,,http://www.redfin.com/MA/Weymouth/239-Wessagussett-Rd-02191/unit-2/home/138470998,MLS PIN,72194452,N,Y,42.249642,-70.9462396,2298000.0,1676774000.0
MLS Listing,,Multi-Family (2-4 Unit),178 S Main St,Attleboro,MA,2703,459000.0,5,4.0,Attleboro,4973,17344.0,1900.0,79,92.0,,Active,,,http://www.redfin.com/MA/Attleboro/178-S-Main-St-02703/home/15973516,MLS PIN,72175475,N,Y,41.9382789,-71.2843051,2295000.0,2282607000.0
MLS Listing,,Multi-Family (2-4 Unit),21 Sumner St,North Attleboro,MA,2760,379900.0,6,2.5,North Attleboro,2946,12571.0,1890.0,61,129.0,,Active,,,http://www.redfin.com/MA/North-Attleborough/21-Sumner-St-02760/home/16056802,MLS PIN,72185196,N,Y,41.9843301,-71.3410303,2279400.0,1119185400.0
MLS Listing,,Multi-Family (5+ Unit),37 Union St,Holbrook,MA,2343,450000.0,5,5.0,Holbrook,2614,,1900.0,40,172.0,,Active,,,http://www.redfin.com/MA/Holbrook/37-Union-St-02343/home/8871765,MLS PIN,72196300,N,Y,42.15464620000001,-71.0100605,2250000.0,1176300000.0
MLS Listing,,Multi-Family (2-4 Unit),51 Belmont St,Rockland,MA,2370,450000.0,5,3.0,Rockland,3000,13024.0,1900.0,34,150.0,,Active,,,http://www.redfin.com/MA/Rockland/51-Belmont-St-02370/home/14811130,MLS PIN,72199348,N,Y,42.1321371,-70.9182828,2250000.0,1350000000.0
MLS Listing,,Multi-Family (2-4 Unit),132 W Water St,Rockland,MA,2370,445000.0,5,2.0,Rockland,2173,21780.0,1860.0,3,205.0,,Active,,,http://www.redfin.com/MA/Rockland/132-W-Water-St-02370/home/14810698,MLS PIN,72214973,N,Y,42.1247531,-70.91838270000001,2225000.0,966985000.0
MLS Listing,,Multi-Family (2-4 Unit),132R Union St,Rockland,MA,2370,439900.0,5,2.5,Rockland,2566,38788.0,1865.0,20,171.0,,Active,,,http://www.redfin.com/MA/Rockland/132-Union-St-02370/home/14810517,MLS PIN,72206468,N,Y,42.1258554,-70.91472490000001,2199500.0,1128783400.0
MLS Listing,,Multi-Family (2-4 Unit),544 Revere St,Revere,MA,2151,434900.0,5,2.5,Revere Beach,2104,3162.0,1930.0,9,207.0,,Active,,,http://www.redfin.com/MA/Revere/544-Revere-St-02151/home/143213935,MLS PIN,72212424,N,Y,42.4188191,-70.98989399999999,2174500.0,915029600.0
MLS Listing,,Multi-Family (2-4 Unit),18 State St,Taunton,MA,2780,354899.0,6,2.0,Taunton,2496,7841.0,1870.0,11,142.0,,Active,,,http://www.redfin.com/MA/Taunton/18-State-St-02780/home/16096534,MLS PIN,72211436,N,Y,41.9212757,-71.0989864,2129394.0,885827904.0
MLS Listing,,Multi-Family (2-4 Unit),491 No. Main St,Randolph,MA,2368,529900.0,4,4.0,Randolph,2704,16319.0,1900.0,1,196.0,,Active,,,http://www.redfin.com/MA/Randolph/491-N-Main-St-02368/home/11731476,MLS PIN,72216409,Y,Y,42.1736591,-71.04754150000001,2119600.0,1432849600.0
MLS Listing,,Multi-Family (2-4 Unit),13 Auburn,Brockton,MA,2302,419900.0,5,3.0,Brockton,2850,8538.0,1885.0,11,147.0,,Active,,,http://www.redfin.com/MA/Brockton/13-Auburn-St-02302/home/16317157,MLS PIN,72211465,N,Y,42.063099,-71.00862009999999,2099500.0,1196715000.0
MLS Listing,,Multi-Family (2-4 Unit),973 Crescent St,Brockton,MA,2302,349900.0,6,3.0,Brockton,2608,19950.0,1920.0,15,134.0,,Active,,,http://www.redfin.com/MA/Brockton/973-Crescent-St-02302/home/16336228,MLS PIN,72209339,N,Y,42.0804849,-70.9790022,2099400.0,912539200.0
MLS Listing,,Multi-Family (2-4 Unit),50-52 Addison Ave,Lynn,MA,1902,519000.0,4,2.0,Lynn,2442,4050.0,1910.0,3,213.0,,Active,,,http://www.redfin.com/MA/Lynn/52-Addison-Ave-01902/home/113252193,MLS PIN,72215359,N,Y,42.481967,-70.93504449999999,2076000.0,1267398000.0
MLS Listing,,Multi-Family (2-4 Unit),40 Pingree St,Salem,MA,1970,345000.0,6,2.0,Salem,2568,3995.0,1915.0,5,134.0,,Active,,,http://www.redfin.com/MA/Salem/40-Pingree-St-01970/home/11349242,MLS PIN,72213731,N,Y,42.5161173,-70.88785990000001,2070000.0,885960000.0
MLS Listing,,Multi-Family (2-4 Unit),124 Central Ave,Boston,MA,2136,510000.0,4,2.5,Hyde Park,2048,5221.0,1905.0,76,249.0,,Active,,,http://www.redfin.com/MA/Boston/124-Central-Ave-02136/home/9126413,MLS PIN,72176135,N,Y,42.2623861,-71.1190075,2040000.0,1044480000.0
MLS Listing,,Multi-Family (2-4 Unit),12 Connecticut Pl,Brockton,MA,2301,339999.0,6,2.0,Brockton,2423,7275.0,1890.0,45,140.0,,Active,,,http://www.redfin.com/MA/Brockton/12-Connecticut-Pl-02301/home/16325065,MLS PIN,72193550,N,Y,42.075805100000004,-71.02924370000001,2039994.0,823817577.0
MLS Listing,,Multi-Family (2-4 Unit),557 ASH St,Brockton,MA,2301,405000.0,5,2.0,Brockton,2013,7714.0,1925.0,18,201.0,,Active,,,http://www.redfin.com/MA/Brockton/557-Ash-St-02301/home/16330634,MLS PIN,72207653,N,Y,42.0696546,-71.0349344,2025000.0,815265000.0
MLS Listing,,Multi-Family (2-4 Unit),14 Coral Avenue,Winthrop,MA,2152,499900.0,4,2.0,Winthrop,1784,5000.0,1900.0,58,280.0,,Active,,,http://www.redfin.com/MA/Winthrop/14-Coral-Ave-02152/home/11517092,MLS PIN,72188667,N,Y,42.379185299999996,-70.9742931,1999600.0,891821600.0
MLS Listing,,Multi-Family (2-4 Unit),335 School St,Whitman,MA,2382,399900.0,5,3.0,Whitman,3283,18308.0,1892.0,24,122.0,,Active,,,http://www.redfin.com/MA/Whitman/335-School-St-02382/home/16454863,MLS PIN,72204507,N,Y,42.0731861,-70.9451207,1999500.0,1312871700.0
MLS Listing,,Multi-Family (2-4 Unit),44 West St,Brockton,MA,2301,399900.0,5,3.0,Brockton,2134,9801.0,1916.0,5,187.0,,Active,,,http://www.redfin.com/MA/Brockton/44-West-St-02301/home/16329437,MLS PIN,72214199,N,Y,42.0872908,-71.04582579999999,1999500.0,853386600.0
MLS Listing,,Multi-Family (2-4 Unit),47 Allen St,Brockton,MA,2301,329900.0,6,3.0,Brockton,2533,3528.0,1900.0,77,130.0,,Active,,,http://www.redfin.com/MA/Brockton/47-Allen-St-02301/home/16321671,MLS PIN,72175941,N,Y,42.0780804,-71.0176503,1979400.0,835636700.0
MLS Listing,,Multi-Family (2-4 Unit),497 Thacher,Attleboro,MA,2703,325000.0,6,3.0,Attleboro,4021,27199.0,1900.0,59,81.0,,Active,,,http://www.redfin.com/MA/Attleboro/497-Thacher-St-02703/home/129792122,MLS PIN,72187613,Y,Y,41.9341682,-71.3045259,1950000.0,1306825000.0
MLS Listing,,Multi-Family (2-4 Unit),28 Lynnfield St,Lynn,MA,1904,389900.0,5,2.0,Lynn,1979,3244.0,1920.0,45,197.0,,Active,,,http://www.redfin.com/MA/Lynn/28-Lynnfield-St-01904/home/11542189,MLS PIN,72193643,N,Y,42.4855818,-70.9620765,1949500.0,771612100.0
MLS Listing,,Multi-Family (2-4 Unit),66 Kingsley Rd,Hull,MA,2045,474900.0,4,2.0,Hull,2840,5000.0,1920.0,24,167.0,,Active,,,http://www.redfin.com/MA/Hull/66-Kingsley-Rd-02045/home/16366178,MLS PIN,72204686,N,Y,42.280823299999994,-70.87298390000001,1899600.0,1348716000.0
MLS Listing,,Multi-Family (2-4 Unit),21 Pine Ave,Brockton,MA,2302,379900.0,5,3.0,Brockton,1623,6534.0,1900.0,2,234.0,,Active,,,http://www.redfin.com/MA/Brockton/21-Pine-Ave-02302/home/16320063,MLS PIN,72215974,N,Y,42.0685028,-71.01311159999999,1899500.0,616577700.0
MLS Listing,,Multi-Family (2-4 Unit),9-11 Hesper St,Lynn,MA,1905,469000.0,4,3.0,Lynn,2016,12008.0,1991.0,17,233.0,,Active,,,http://www.redfin.com/MA/Lynn/9-11-Hesper-St-01905/home/113251783,MLS PIN,72208289,N,Y,42.4678076,-70.9844,1876000.0,945504000.0
MLS Listing,,Multi-Family (2-4 Unit),37 Fenton St,Boston,MA,2122,625000.0,3,4.0,Dorchester,1944,2600.0,1910.0,23,322.0,,Active,,,http://www.redfin.com/MA/Boston/37-Fenton-St-02122/home/9085536,MLS PIN,72205338,N,Y,42.303281,-71.05680090000001,1875000.0,1215000000.0
MLS Listing,,Multi-Family (2-4 Unit),77-79 Common St,Quincy,MA,2169,625000.0,3,2.0,Quincy,2091,10890.0,1925.0,30,299.0,,Active,,,http://www.redfin.com/MA/Quincy/79-Common-St-02169/home/77532880,MLS PIN,72201790,N,Y,42.2504972,-71.0256442,1875000.0,1306875000.0
MLS Listing,,Multi-Family (2-4 Unit),166 Summer St,Brockton,MA,2302,374900.0,5,2.0,Brockton,2592,14070.0,1888.0,19,145.0,,Active,,,http://www.redfin.com/MA/Brockton/166-Summer-St-02302/home/16319004,MLS PIN,72206748,N,Y,42.0743147,-71.0065093,1874500.0,971740800.0
MLS Listing,,Multi-Family (2-4 Unit),326 Central,Foxboro,MA,2035,465000.0,4,2.0,East Foxboro,2240,60473.0,1900.0,5,208.0,,Active,,,http://www.redfin.com/MA/Foxborough/326-Central-St-02035/home/11715741,MLS PIN,72214237,N,Y,42.0423903,-71.23358359999999,1860000.0,1041600000.0
MLS Listing,,Multi-Family (2-4 Unit),58 Tamworth Hill Ave,Wakefield,MA,1880,465000.0,4,3.5,Greenwood,3026,17100.0,1950.0,31,154.0,,Active,,,http://www.redfin.com/MA/Wakefield/58-Tamworth-Hill-Ave-01880/home/8757089,MLS PIN,72201505,N,Y,42.4745528,-71.0633785,1860000.0,1407090000.0
MLS Listing,,Multi-Family (2-4 Unit),214 court St,Brockton,MA,2302,369900.0,5,3.0,Brockton,2070,15420.0,1915.0,21,179.0,,Active,,,http://www.redfin.com/MA/Brockton/214-Court-St-02302/home/16317017,MLS PIN,72205924,N,Y,42.086740999999996,-71.0121696,1849500.0,765693000.0
MLS Listing,,Multi-Family (2-4 Unit),128 High St,Ipswich,MA,1938,300000.0,6,2.0,Ipswich,2733,24890.0,1888.0,34,110.0,,Active,,,http://www.redfin.com/MA/Ipswich/128-High-St-01938/home/8252418,MLS PIN,72199319,N,Y,42.6881888,-70.84987109999999,1800000.0,819900000.0
MLS Listing,,Multi-Family (2-4 Unit),14 Page St,Danvers,MA,1923,450000.0,4,2.0,Danvers,2327,3528.0,1905.0,4,193.0,,Active,,,http://www.redfin.com/MA/Danvers/14-Page-St-01923/home/11293304,MLS PIN,72214321,N,Y,42.5656729,-70.93750899999999,1800000.0,1047150000.0
MLS Listing,,Multi-Family (2-4 Unit),116 Reed St,Cambridge,MA,2140,899900.0,2,2.5,Cambridge,1560,3000.0,1869.0,18,577.0,,Active,,,http://www.redfin.com/MA/Cambridge/116-Reed-St-02140/home/11580990,MLS PIN,72207711,N,Y,42.3966326,-71.1323693,1799800.0,1403844000.0
MLS Listing,,Multi-Family (2-4 Unit),93 ARLINGTON St,Boston,MA,2136,449900.0,4,2.0,Boston,2026,4720.0,1870.0,44,222.0,,Active,,,http://www.redfin.com/MA/Boston/93-Arlington-St-02136/home/9126416,MLS PIN,72194295,N,Y,42.2621537,-71.1190893,1799600.0,911497400.0
MLS Listing,,Multi-Family (2-4 Unit),45 Grove St,Taunton,MA,2780,299900.0,6,4.0,Taunton,2285,2614.0,1900.0,19,131.0,,Active,,,http://www.redfin.com/MA/Taunton/45-Grove-St-02780/home/16101670,MLS PIN,72206871,N,Y,41.9079646,-71.09608399999999,1799400.0,685271500.0
MLS Listing,,Multi-Family (2-4 Unit),52 Plain St,Taunton,MA,2780,299900.0,6,2.0,Taunton,2232,14810.0,1920.0,38,134.0,,Active,,,http://www.redfin.com/MA/Taunton/52-Plain-St-02780/home/16102388,MLS PIN,72197414,N,Y,41.8839461,-71.08505550000001,1799400.0,669376800.0
MLS Listing,,Multi-Family (2-4 Unit),23 Florence St,Brockton,MA,2301,299900.0,6,2.0,Brockton,1809,3920.0,1925.0,41,166.0,,Active,,,http://www.redfin.com/MA/Brockton/23-Florence-St-02301/home/16317528,MLS PIN,72195506,N,Y,42.0723537,-71.01970490000001,1799400.0,542519100.0
MLS Listing,,Multi-Family (2-4 Unit),43 Chester St,Taunton,MA,2780,299900.0,6,2.0,Taunton,2524,23087.0,1890.0,3,119.0,,Active,,,http://www.redfin.com/MA/Taunton/43-Chester-St-02780/home/16095721,MLS PIN,72215499,N,Y,41.9155213,-71.1030388,1799400.0,756947600.0
MLS Listing,,Multi-Family (2-4 Unit),6 Proctor St,Salem,MA,1970,449000.0,4,2.0,Salem,1816,4666.0,1914.0,3,247.0,,Active,,,http://www.redfin.com/MA/Salem/6-Proctor-St-01970/home/8366717,MLS PIN,72215218,N,Y,42.518744500000004,-70.90985359999999,1796000.0,815384000.0
MLS Listing,,Multi-Family (2-4 Unit),76 Cedar St,Norwood,MA,2062,449000.0,4,2.0,Norwood,1724,5678.0,1911.0,76,260.0,,Active,,,http://www.redfin.com/MA/Norwood/76-Cedar-St-02062/home/8909312,MLS PIN,72176561,N,Y,42.1797557,-71.20756490000001,1796000.0,774076000.0
MLS Listing,,Multi-Family (2-4 Unit),332 Middleboro Ave,Taunton,MA,2780,254900.0,7,2.0,Taunton,2793,30492.0,1900.0,23,91.0,,Active,,,http://www.redfin.com/MA/Taunton/332-Middleboro-Ave-02718/home/16105114,MLS PIN,72205552,N,Y,41.8813577,-71.0357498,1784300.0,711935700.0
MLS Listing,,Multi-Family (2-4 Unit),17 Falmouth,Attleboro,MA,2703,249900.0,7,3.0,Attleboro,2145,3300.0,1910.0,2,117.0,,Active,,,http://www.redfin.com/MA/Attleboro/17-Falmouth-St-02703/home/15974756,MLS PIN,72215821,Y,Y,41.945571799999996,-71.2797529,1749300.0,536035500.0
MLS Listing,,Multi-Family (2-4 Unit),70 Fuller St,Brockton,MA,2301,284900.0,6,3.0,Brockton,3051,5837.0,1900.0,23,93.0,,Active,,,http://www.redfin.com/MA/Brockton/70-Fuller-St-02301/home/16324934,MLS PIN,72205491,N,Y,42.076941,-71.024782,1709400.0,869229900.0
MLS Listing,,Multi-Family (2-4 Unit),74 Liberty,Taunton,MA,2718,339000.0,5,2.5,Taunton,2374,18295.0,1920.0,52,143.0,,Active,,,http://www.redfin.com/MA/Taunton/74-Liberty-St-02718/home/16106694,MLS PIN,72190943,N,Y,41.874393,-71.0276257,1695000.0,804786000.0
MLS Listing,,Multi-Family (2-4 Unit),31 Blake St,Revere,MA,2151,419931.0,4,2.0,Revere,2127,5678.0,1930.0,24,197.0,,Active,,,http://www.redfin.com/MA/Revere/31-Blake-St-02151/home/11834574,MLS PIN,72204882,N,Y,42.4043643,-70.9929444,1679724.0,893193237.0
MLS Listing,,Multi-Family (2-4 Unit),86 Cherry St,Swampscott,MA,1907,419000.0,4,2.0,Swampscott,2381,10149.0,1907.0,4,176.0,,Active,,,http://www.redfin.com/MA/Swampscott/86-Cherry-St-01907/home/11351859,MLS PIN,72214442,N,Y,42.4759026,-70.9235865,1676000.0,997639000.0
MLS Listing,,Multi-Family (2-4 Unit),18 Hamilton St,Brockton,MA,2301,275000.0,6,2.0,Brockton,2461,5706.0,1889.0,14,112.0,,Active,,,http://www.redfin.com/MA/Brockton/18-Hamilton-St-02301/home/16318489,MLS PIN,72209578,N,Y,42.0794872,-71.0301246,1650000.0,676775000.0
MLS Listing,,Multi-Family (2-4 Unit),292 Elm St,North Attleboro,MA,2760,275000.0,6,4.0,North Attleboro,2608,2608.0,1930.0,2,105.0,,Active,,,http://www.redfin.com/MA/North-Attleborough/292-Elm-St-02760/home/16057246,MLS PIN,72216128,N,Y,41.9759154,-71.32326280000001,1650000.0,717200000.0
MLS Listing,,Multi-Family (2-4 Unit),35 Alpine Pl,Franklin,MA,2038,329900.0,5,2.0,Franklin,1645,10943.0,1900.0,11,201.0,,Active,August-27-2017 12:00 PM,August-27-2017 01:30 PM,http://www.redfin.com/MA/Franklin/35-Alpine-Pl-02038/home/11460003,MLS PIN,72210854,Y,Y,42.0833472,-71.39408909999999,1649500.0,542685500.0
MLS Listing,,Multi-Family (2-4 Unit),16 Arcadia St,Malden,MA,2148,544000.0,3,2.0,Maplewood,1938,7163.0,1930.0,33,281.0,,Active,,,http://www.redfin.com/MA/Malden/16-Arcadia-St-02148/home/11421975,MLS PIN,72199678,N,Y,42.4404145,-71.041676,1632000.0,1054272000.0
MLS Listing,,Multi-Family (2-4 Unit),188 Pearl Ave,Revere,MA,2151,270000.0,6,3.0,Revere,1687,10060.0,1959.0,4,160.0,,Active,,,http://www.redfin.com/MA/Revere/188-Pearl-Ave-02151/home/9004286,MLS PIN,72214459,N,Y,42.3938868,-70.98839579999999,1620000.0,455490000.0
MLS Listing,,Multi-Family (2-4 Unit),511 Cabot St,Beverly,MA,1915,399900.0,4,2.5,Beverly,2038,2868.0,1900.0,54,196.0,,Active,,,http://www.redfin.com/MA/Beverly/511-Cabot-St-01915/home/8224543,MLS PIN,72189944,N,Y,42.56677020000001,-70.88715340000002,1599600.0,814996200.0
MLS Listing,,Multi-Family (2-4 Unit),49 Wyman St,Lynn,MA,1905,399900.0,4,2.0,Lynn,2100,5000.0,1900.0,11,190.0,,Active,,,http://www.redfin.com/MA/Lynn/49-Wyman-St-01905/home/11551881,MLS PIN,72211167,N,Y,42.4661644,-70.97304009999999,1599600.0,839790000.0
MLS Listing,,Multi-Family (2-4 Unit),48 Webber,Malden,MA,2148,529999.0,3,2.0,Malden,1500,5832.0,1900.0,26,353.0,,Active,,,http://www.redfin.com/MA/Malden/48-Webber-St-02148/home/11420277,MLS PIN,72203394,N,Y,42.437545,-71.0455566,1589997.0,794998500.0
MLS Listing,,Multi-Family (2-4 Unit),574 N Main St,Brockton,MA,2301,389999.0,4,3.0,Brockton,3690,3230.0,1920.0,58,106.0,,Active,,,http://www.redfin.com/MA/Brockton/574-N-Main-St-02301/home/131102834,MLS PIN,72188838,N,Y,42.0974306,-71.0199066,1559996.0,1439096310.0
MLS Listing,,Multi-Family (2-4 Unit),18 Seaver St,Brockton,MA,2301,379900.0,4,2.0,Brockton,2288,7187.0,1912.0,60,166.0,,Active,,,http://www.redfin.com/MA/Brockton/18-Seaver-St-02301/home/16325821,MLS PIN,72186877,N,Y,42.086812,-71.036973,1519600.0,869211200.0
MLS Listing,,Multi-Family (2-4 Unit),23 River St,Salem,MA,1970,299900.0,5,2.0,Salem,1546,2110.0,1800.0,24,194.0,,Active,,,http://www.redfin.com/MA/Salem/23-River-St-01970/home/8383749,MLS PIN,72204915,N,Y,42.5222757,-70.9030839,1499500.0,463645400.0
MLS Listing,,Multi-Family (2-4 Unit),34 Harrison Ave,Abington,MA,2351,495000.0,3,3.0,Abington,2886,11307.0,,28,172.0,,Active,,,http://www.redfin.com/MA/Abington/34-Harrison-Ave-02351/home/16305745,MLS PIN,72202380,N,Y,42.1291461,-70.94357579999999,1485000.0,1428570000.0
MLS Listing,,Multi-Family (2-4 Unit),156 River St,Dedham,MA,2026,489900.0,3,2.0,Oakdale,1656,14650.0,1895.0,24,296.0,,Active,,,http://www.redfin.com/MA/Dedham/156-River-St-02026/home/8863016,MLS PIN,72205055,N,Y,42.2414218,-71.1510054,1469700.0,811274400.0
MLS Listing,,Multi-Family (2-4 Unit),119 thatcher,Brockton,MA,2302,365000.0,4,2.0,Brockton,1922,19602.0,1872.0,17,190.0,,Active,,,http://www.redfin.com/MA/Brockton/119-Thatcher-St-02302/home/16318985,MLS PIN,72208533,N,Y,42.0757551,-70.9996065,1460000.0,701530000.0
MLS Listing,,Multi-Family (2-4 Unit),40-42 elm,Easton,MA,2356,455000.0,3,1.5,Easton,1342,,1880.0,1,339.0,,Active,,,http://www.redfin.com/MA/Easton/42-Elm-St-02356/unit-40-42/home/140258040,MLS PIN,72216404,N,Y,42.0721257,-71.1025697,1365000.0,610610000.0
MLS Listing,,Multi-Family (2-4 Unit),2 Church Ave,Taunton,MA,2780,269900.0,5,3.0,Taunton,2220,1742.0,1875.0,23,122.0,,Active,,,http://www.redfin.com/MA/Taunton/2-Church-Ave-02780/home/16101365,MLS PIN,72205329,N,Y,41.9079751,-71.0946397,1349500.0,599178000.0
MLS Listing,,Multi-Family (2-4 Unit),98 Clinton St,Brockton,MA,2302,329900.0,4,2.0,Brockton,1602,5663.0,1900.0,78,206.0,,Active,,,http://www.redfin.com/MA/Brockton/98-Clinton-St-02302/home/16320060,MLS PIN,72175777,N,Y,42.0681091,-71.01396779999999,1319600.0,528499800.0
MLS Listing,,Multi-Family (2-4 Unit),65 Hollis St,Weymouth,MA,2190,429900.0,3,2.0,Weymouth,1568,25700.0,1885.0,3,274.0,,Active,,,http://www.redfin.com/MA/Weymouth/65-Hollis-St-02190/home/11527205,MLS PIN,72215584,N,Y,42.168975,-70.96210909999999,1289700.0,674083200.0
MLS Listing,,Multi-Family (2-4 Unit),150 Lothrop St,Taunton,MA,2780,319900.0,4,3.0,Taunton,1764,21780.0,1855.0,5,181.0,,Active,,,http://www.redfin.com/MA/Taunton/150-Lothrop-St-02780/home/16095580,MLS PIN,72213747,N,Y,41.948444,-71.091183,1279600.0,564303600.0
MLS Listing,,Multi-Family (2-4 Unit),170 High St,Taunton,MA,2780,319000.0,4,4.0,Taunton,2700,33977.0,1900.0,10,118.0,,Active,,,http://www.redfin.com/MA/Taunton/170-High-St-02780/home/132783220,MLS PIN,72212162,N,Y,41.897819,-71.09026290000001,1276000.0,861300000.0
MLS Listing,,Multi-Family (2-4 Unit),38 Elm St,Easton,MA,2356,315000.0,4,3.0,Easton,2684,16308.0,1890.0,1,117.0,,Active,,,http://www.redfin.com/MA/Easton/38-Elm-St-02356/home/15995571,MLS PIN,72216399,N,Y,42.072325,-71.102941,1260000.0,845460000.0
MLS Listing,,Multi-Family (2-4 Unit),8 Prospect St,Beverly,MA,1915,419900.0,3,2.0,Beverly,1875,4791.0,1900.0,34,224.0,,Active,,,http://www.redfin.com/MA/Beverly/8-Prospect-St-01915/home/11284404,MLS PIN,72198983,N,Y,42.5528331,-70.8769179,1259700.0,787312500.0
MLS Listing,,Multi-Family (2-4 Unit),6-8 Spring St,Plainville,MA,2762,209900.0,6,3.0,Plainville,2376,12146.0,1900.0,16,88.0,,Active,,,http://www.redfin.com/MA/Plainville/8-Spring-St-02762/home/143099386,MLS PIN,72208737,Y,Y,42.0047563,-71.3345507,1259400.0,498722400.0
MLS Listing,,Multi-Family (2-4 Unit),7 Elbow St,Attleboro,MA,2703,249000.0,5,3.0,Attleboro,1795,6186.0,1910.0,1,139.0,,Active,,,http://www.redfin.com/MA/Attleboro/7-Elbow-St-02703/home/15973299,MLS PIN,72216348,Y,Y,41.9388341,-71.2825988,1245000.0,446955000.0
MLS Listing,,Multi-Family (2-4 Unit),21 Green St,Reading,MA,1867,399900.0,3,3.0,Reading,1367,3090.0,1876.0,29,293.0,,Active,,,http://www.redfin.com/MA/Reading/21-Green-St-01867/home/11432059,MLS PIN,72202214,N,Y,42.5217725,-71.10525679999999,1199700.0,546663300.0
MLS Listing,,Multi-Family (2-4 Unit),7 E Main St,Avon,MA,2322,299900.0,4,2.0,Avon,1848,6688.0,1900.0,39,162.0,,Active,,,http://www.redfin.com/MA/Avon/7-E-Main-St-02322/home/8800194,MLS PIN,72196810,N,Y,42.131076,-71.040289,1199600.0,554215200.0
MLS Listing,,Multi-Family (2-4 Unit),156 W Main,Norton,MA,2766,394900.0,3,2.5,Norton,1680,22913.0,1890.0,26,235.0,,Active,,,http://www.redfin.com/MA/Norton/156-W-Main-02766/home/142996645,MLS PIN,72203417,N,Y,41.962923499999995,-71.1804988,1184700.0,663432000.0
MLS Listing,,Multi-Family (2-4 Unit),18 Vernon St,Taunton,MA,2780,235900.0,5,3.0,Taunton,2074,3920.0,1900.0,59,114.0,,Active,,,http://www.redfin.com/MA/Taunton/18-Vernon-St-02780/home/16107938,MLS PIN,72187699,N,Y,41.8968141,-71.1041817,1179500.0,489256600.0
MLS Listing,,Multi-Family (2-4 Unit),56 Adams,Taunton,MA,2780,289800.0,4,2.0,Taunton,1952,2613.0,2017.0,40,148.0,,Active,,,http://www.redfin.com/MA/Taunton/56-Adams-St-02780/home/16101383,MLS PIN,72196387,N,Y,41.9081247,-71.0968257,1159200.0,565689600.0
MLS Listing,,Multi-Family (2-4 Unit),72 Perry St,Stoughton,MA,2072,285000.0,4,3.0,Stoughton,2234,8800.0,1940.0,28,128.0,,Active,,,http://www.redfin.com/MA/Stoughton/72-Perry-St-02072/home/11732535,MLS PIN,72202445,Y,Y,42.1228954,-71.1071977,1140000.0,636690000.0
MLS Listing,,Multi-Family (2-4 Unit),173 Green St,Brockton,MA,2301,279900.0,4,,Brockton,800,7362.0,1959.0,24,350.0,,Active,,,http://www.redfin.com/MA/Brockton/173-Green-St-02301/home/40317177,MLS PIN,72204935,N,Y,42.0845943,-71.025172,1119600.0,223920000.0
MLS Listing,,Multi-Family (2-4 Unit),218 Battles St,Brockton,MA,2301,279900.0,4,2.0,Brockton,2351,10890.0,1925.0,53,119.0,,Active,,,http://www.redfin.com/MA/Brockton/218-Battles-St-02301/home/16327488,MLS PIN,72190288,N,Y,42.0976473,-71.02953509999999,1119600.0,658044900.0
MLS Listing,,Multi-Family (2-4 Unit),719 N Montello St,Brockton,MA,2301,264900.0,4,2.0,Brockton,1567,4095.0,1925.0,11,169.0,,Active,,,http://www.redfin.com/MA/Brockton/719-N-Montello-St-02301/home/16321610,MLS PIN,72211382,N,Y,42.102301000000004,-71.0196215,1059600.0,415098300.0
MLS Listing,,Multi-Family (2-4 Unit),13-14 Parker Ct,Attleboro,MA,2703,264500.0,4,2.0,Attleboro,1774,3913.0,1900.0,61,149.0,,Active,,,http://www.redfin.com/MA/Attleboro/13-Parker-Ct-02703/home/15973769,MLS PIN,72185146,N,Y,41.9376917,-71.280323,1058000.0,469223000.0
MLS Listing,,Multi-Family (2-4 Unit),51 River St,North Attleboro,MA,2760,259900.0,4,2.0,North Attleboro,1958,5117.0,1880.0,44,133.0,,Active,,,http://www.redfin.com/MA/North-Attleborough/51-River-St-02760/home/16058391,MLS PIN,72194510,N,Y,41.9869105,-71.32734190000001,1039600.0,508884200.0
MLS Listing,,Multi-Family (2-4 Unit),20 Highland St,Attleboro,MA,2703,259900.0,4,2.0,Attleboro,2080,3149.0,1912.0,53,125.0,,Active,,,http://www.redfin.com/MA/Attleboro/20-Highland-St-02703/home/15974202,MLS PIN,72190706,Y,Y,41.942439,-71.2878808,1039600.0,540592000.0
MLS Listing,,Multi-Family (2-4 Unit),53-55 French Ave,Brockton,MA,2302,339000.0,3,,Brockton,3909,7318.0,1902.0,1,87.0,,Active,,,http://www.redfin.com/MA/Brockton/55-French-Ave-02301/home/143378987,MLS PIN,72216397,N,Y,42.066205200000006,-71.021134,1017000.0,1325151000.0
MLS Listing,,Multi-Family (2-4 Unit),26 School St,Malden,MA,2148,489900.0,2,2.0,Edgeworth,1929,5195.0,1890.0,10,254.0,,Active,,,http://www.redfin.com/MA/Malden/26-School-St-02148/home/11387752,MLS PIN,72211656,N,Y,42.419928799999994,-71.0811505,979800.0,945017100.0
MLS Listing,,Multi-Family (2-4 Unit),58 Adams St,Taunton,MA,2780,239700.0,4,2.0,Taunton,1440,2614.0,1920.0,39,166.0,,Active,,,http://www.redfin.com/MA/Taunton/58-Adams-St-02780/home/16101676,MLS PIN,72196861,N,Y,41.9080797,-71.09697270000001,958800.0,345168000.0
MLS Listing,,Multi-Family (2-4 Unit),52-54 Appleton St,Salem,MA,1970,304000.0,3,2.0,Salem,1332,5200.0,1930.0,40,228.0,,Active,,,http://www.redfin.com/MA/Salem/52-54-Appleton-St-01970/home/8384808,MLS PIN,72195833,N,Y,42.532671,-70.905984,912000.0,404928000.0
MLS Listing,,Multi-Family (2-4 Unit),10 Adams Ter,Boston,MA,2122,439000.0,2,2.0,Dorchester's Fields Corner,1392,1214.0,1905.0,1,315.0,,Active,,,http://www.redfin.com/MA/Boston/10-Adams-Ter-02122/home/9077927,MLS PIN,72216335,N,Y,42.29535,-71.0568291,878000.0,611088000.0
MLS Listing,,Multi-Family (2-4 Unit),88-90 Emory,Attleboro,MA,2703,219000.0,4,2.0,Attleboro,2030,4095.0,1910.0,13,108.0,,Active,,,http://www.redfin.com/MA/Attleboro/90-Emory-St-02703/home/143146300,MLS PIN,72209921,Y,Y,41.9433869,-71.27310109999999,876000.0,444570000.0
MLS Listing,,Multi-Family (2-4 Unit),123 Prospect St,Brockton,MA,2301,265000.0,3,2.0,Brockton,1594,10193.0,1925.0,40,166.0,,Active,,,http://www.redfin.com/MA/Brockton/123-Prospect-St-02301/home/16326737,MLS PIN,72196268,N,Y,42.0917623,-71.0251104,795000.0,422410000.0
MLS Listing,,Multi-Family (2-4 Unit),72 Richmond St,Brockton,MA,2301,390000.0,2,1.0,Montello,4095,7754.0,1925.0,4,95.0,,Active,,,http://www.redfin.com/MA/Brockton/72-Richmond-St-02301/home/16326778,MLS PIN,72214840,N,Y,42.096273,-71.02500400000001,780000.0,1597050000.0
MLS Listing,,Multi-Family (2-4 Unit),14 Chestnut Ave,Lynn,MA,1902,279999.0,2,2.0,Lynn,1566,4295.0,1834.0,20,179.0,,Active,,,http://www.redfin.com/MA/Lynn/14-Chestnut-Ave-01902/home/11577503,MLS PIN,72206486,N,Y,42.4714887,-70.9400152,559998.0,438478434.0
MLS Listing,,Multi-Family (2-4 Unit),105 Tremont St,Taunton,MA,2780,183750.0,3,2.0,Taunton,1041,3920.0,1920.0,9,177.0,,Active,,,http://www.redfin.com/MA/Taunton/105-Tremont-St-02780/home/16099981,MLS PIN,72212756,N,Y,41.9072402,-71.1107796,551250.0,191283750.0
MLS Listing,,Multi-Family (2-4 Unit),14 Church,Taunton,MA,2780,199900.0,2,2.0,Taunton,1200,3830.0,1930.0,5,167.0,,Active,,,http://www.redfin.com/MA/Taunton/14-Church-St-02780/home/16101660,MLS PIN,72213708,N,Y,41.9075885,-71.0942183,399800.0,239880000.0
MLS Listing,,Multi-Family (2-4 Unit),173 Walnut St,Chelsea,MA,2150,545000.0,0,3.0,Chelsea,3414,1846.0,1920.0,75,160.0,,Active,,,http://www.redfin.com/MA/Chelsea/173-Walnut-St-02150/home/9010004,MLS PIN,72177178,N,Y,42.393404600000004,-71.03641379999999,0.0,1860630000.0
MLS Listing,,Multi-Family (2-4 Unit),201 Byron St,Boston,MA,2128,,3,1.0,East Boston,1626,1875.0,1893.0,31,,,Active,,,http://www.redfin.com/MA/Boston/201-Byron-St-02128/home/9110969,MLS PIN,72201029,N,Y,42.38112720000001,-71.014909,,
